Longitude,Call_Time,Status,Call_ID,Phone,Call_Date,Latitude,Description,Type_ID
34.724198,0:07,Open,1,508122765,2025-01-03,33,"",1
34.810171,11:46,Closed,2,509624778,2024-04-27,31,Nullam varius.,2
34.986037,0:00,InProgress,3,502870431,2024-09-23,31,Etiam justo.,3
35.433671,0:41,Closed,4,505285252,2025-02-19,32,"",6
34.575446,5:19,Open,5,501339852,2024-09-25,32,"",1
34.676657,10:08,Closed,6,506445063,2024-03-31,31,"",3
35.219178,0:44,Closed,7,503026351,2025-11-05,33,"",5
35.443513,23:14,Closed,8,509720865,2026-01-27,31,"Duis bibendum, felis sed interdum venenatis, turpis enim blandit mi, in porttitor pede justo eu massa.",5
34.685638,21:33,InProgress,9,506105610,2024-10-21,31,"",2
34.606036,12:01,Closed,10,507839384,2024-01-20,32,Phasellus id sapien in sapien iaculis congue.,4
35.013115,15:20,InProgress,11,500343193,2026-02-16,31,"Integer aliquet, massa id lobortis convallis, tortor risus dapibus augue, vel accumsan tellus nisi eu orci.",1
35.142817,11:42,InProgress,12,503464780,2025-04-09,33,Aliquam non mauris.,5
34.596014,10:40,Open,13,506342693,2025-10-31,31,"",6
35.315817,18:10,Open,14,503202706,2025-01-23,33,Donec dapibus.,5
35.309823,3:27,Open,15,507184910,2025-08-28,33,"Nam congue, risus semper porta volutpat, quam pede lobortis ligula, sit amet eleifend pede libero quis orci.",4
35.125479,11:53,Closed,16,509187564,2024-07-01,32,Morbi vel lectus in quam fringilla rhoncus.,3
34.918958,8:33,Closed,17,501131208,2024-11-03,31,Sed vel enim sit amet nunc viverra dapibus.,3
35.10142,21:29,Closed,18,504491628,2024-12-24,33,"Nam ultrices, libero non mattis pulvinar, nulla pede ullamcorper augue, a suscipit nulla elit ac nulla.",2
35.038199,15:53,InProgress,19,501634058,2024-02-23,31,Quisque id justo sit amet sapien dignissim vestibulum.,4
35.169648,16:04,Open,20,502764047,2024-09-26,32,Mauris sit amet eros.,2
34.717709,2:59,Open,21,504441602,2025-04-03,33,"",5
34.757837,15:08,Closed,22,509743472,2025-10-14,33,Duis mattis egestas metus.,5
35.018394,17:15,Open,23,505804114,2024-10-17,33,"",6
34.995579,5:22,InProgress,24,507373541,2024-04-27,31,"",3
34.943425,20:22,Open,25,503604177,2024-02-22,32,Curabitur in libero ut massa volutpat convallis.,6
35.049194,6:58,InProgress,26,503961615,2025-06-02,32,Ut at dolor quis odio consequat varius.,1
35.223224,17:28,Open,27,504377732,2025-01-30,31,"",4
35.327986,6:59,InProgress,28,506723819,2025-01-02,31,Vestibulum ac est lacinia nisi venenatis tristique.,4
34.765973,7:22,InProgress,29,509450216,2025-05-06,31,"",5
34.981284,21:49,InProgress,30,505656522,2025-04-26,32,In eleifend quam a odio.,4
34.523038,19:48,Open,31,502773890,2024-05-12,33,"",1
35.015508,4:48,InProgress,32,508554448,2025-05-12,31,Pellentesque at nulla.,4
34.848186,9:00,Closed,33,509736641,2025-02-03,31,Nunc purus.,6
35.407274,12:21,Closed,34,504908509,2025-03-31,31,Aliquam non mauris.,5
34.994515,9:49,Closed,35,508451112,2025-01-08,33,"",2
35.233071,15:00,Closed,36,507965621,2026-02-02,32,Suspendisse potenti.,5
35.11859,10:56,InProgress,37,508629956,2025-05-13,32,"",2
34.785254,16:21,InProgress,38,509380393,2025-03-20,32,"",3
35.128013,5:56,Open,39,506044458,2026-03-03,33,"",1
35.206193,9:47,Open,40,506395221,2026-02-11,31,Ut tellus.,3
35.179548,22:46,InProgress,41,504414979,2025-01-09,33,Mauris ullamcorper purus sit amet nulla.,2
35.062962,17:36,InProgress,42,501689811,2024-06-10,31,"",5
35.065398,10:11,Closed,43,500204989,2024-12-14,33,"",4
35.463126,20:31,Closed,44,507438853,2025-04-16,33,"",6
35.100593,17:03,Closed,45,504817741,2026-02-20,32,Sed accumsan felis.,2
34.610919,15:56,InProgress,46,502698110,2024-06-27,33,Curabitur convallis.,4
34.85256,18:35,InProgress,47,504302096,2026-04-15,32,"Cum sociis natoque penatibus et magnis dis parturient montes, nascetur ridiculus mus.",6
35.388811,15:51,InProgress,48,502109765,2024-01-28,32,Nunc rhoncus dui vel sem.,6
34.978653,20:26,Closed,49,504889626,2024-10-15,31,Duis aliquam convallis nunc.,4
34.929713,21:57,Open,50,501421277,2025-05-07,32,"",1
34.571056,23:17,Closed,51,500973651,2024-12-12,31,Duis aliquam convallis nunc.,1
35.1155,21:26,InProgress,52,509355037,2026-03-04,32,Nulla tempus.,4
35.380735,11:25,Closed,53,507485890,2024-01-11,32,In blandit ultrices enim.,1
35.038325,10:23,Closed,54,506351413,2026-02-11,32,"",5
34.61756,1:11,InProgress,55,508337183,2024-05-14,32,"Morbi vestibulum, velit id pretium iaculis, diam erat fermentum justo, nec condimentum neque sapien placerat ante.",3
34.717484,23:11,Open,56,508222425,2026-01-09,33,"",3
34.574882,7:14,Closed,57,501423625,2024-03-03,31,"",1
34.934775,6:43,Open,58,507411329,2024-01-18,31,"",4
34.518794,20:30,Closed,59,507274857,2024-06-07,31,"Fusce congue, diam id ornare imperdiet, sapien urna pretium nisl, ut volutpat sapien arcu sed augue.",4
34.971197,8:12,InProgress,60,500481231,2025-05-22,32,"",1
34.739249,0:51,Open,61,501077369,2024-01-23,31,"In est risus, auctor sed, tristique in, tempus sit amet, sem.",1
35.041037,6:58,InProgress,62,504242322,2025-03-25,32,"",3
34.928312,23:14,Open,63,502909540,2025-08-25,33,"",1
34.542555,10:26,Closed,64,506201846,2026-02-05,33,"",1
34.634189,9:30,InProgress,65,505212467,2024-03-30,31,"",6
34.990749,2:35,InProgress,66,508917417,2025-07-02,32,Nulla justo.,4
35.303999,9:54,InProgress,67,505146571,2025-03-01,32,"",4
34.506503,9:19,InProgress,68,504699023,2025-04-26,33,"",4
35.41348,21:29,InProgress,69,500894401,2025-02-01,33,"",6
34.605704,0:23,InProgress,70,504476930,2026-02-21,32,Duis consequat dui nec nisi volutpat eleifend.,4
34.633061,4:17,Open,71,504069331,2026-03-19,33,In congue.,4
35.172545,22:19,InProgress,72,509070097,2024-03-24,31,Nunc purus.,5
35.204204,19:12,Open,73,507626900,2026-02-11,33,Curabitur at ipsum ac tellus semper interdum.,2
35.475415,5:51,InProgress,74,501285259,2025-11-24,31,Vivamus vestibulum sagittis sapien.,3
34.875041,17:02,InProgress,75,502726241,2025-08-24,33,"",6
35.010201,13:28,InProgress,76,503179107,2024-06-02,32,"",4
34.524175,22:38,InProgress,77,504531640,2024-10-07,32,"",2
35.034015,9:44,InProgress,78,507549119,2024-11-29,33,"Integer aliquet, massa id lobortis convallis, tortor risus dapibus augue, vel accumsan tellus nisi eu orci.",6
34.664029,23:08,Open,79,505592799,2024-01-30,32,"",1
35.069172,10:49,Open,80,502769447,2025-12-31,33,Integer non velit.,3
35.107933,1:37,Open,81,503355076,2024-01-06,31,"Cum sociis natoque penatibus et magnis dis parturient montes, nascetur ridiculus mus.",3
35.151855,3:47,Open,82,503344103,2024-09-11,31,"",3
35.226024,23:35,Open,83,504135674,2024-01-30,32,Nam dui.,3
34.970277,6:08,Closed,84,506660366,2024-04-04,32,In sagittis dui vel nisl.,6
34.844439,1:05,InProgress,85,502253572,2026-03-21,33,Nulla justo.,4
34.820891,6:59,Open,86,506393647,2024-11-10,33,Integer a nibh.,6
34.579368,10:11,InProgress,87,506513263,2024-07-12,32,"",1
35.023269,19:13,Closed,88,504065442,2025-05-18,32,"",5
35.253603,19:13,InProgress,89,501358665,2024-10-16,33,"Quisque arcu libero, rutrum ac, lobortis vel, dapibus at, diam.",6
34.924712,15:26,Open,90,501608217,2024-09-15,31,Nulla mollis molestie lorem.,4
35.109746,2:53,InProgress,91,500365698,2024-08-23,33,Cras in purus eu magna vulputate luctus.,2
34.974924,3:26,InProgress,92,500891121,2025-06-13,31,Donec vitae nisi.,1
34.90672,3:47,Open,93,506742644,2024-12-15,32,"",4
35.300752,8:05,InProgress,94,509691430,2025-07-05,31,Aliquam sit amet diam in magna bibendum imperdiet.,1
34.914633,9:34,Closed,95,505487301,2025-06-13,31,"",6
34.709984,16:59,Closed,96,504248309,2024-11-03,31,Pellentesque ultrices mattis odio.,2
35.201331,15:59,Open,97,507581648,2024-07-25,31,Pellentesque ultrices mattis odio.,2
35.077841,2:15,Open,98,502469503,2025-08-19,32,"",4
34.734431,12:14,InProgress,99,501418380,2026-03-08,32,"",1
35.471349,10:45,Open,100,500623256,2024-02-11,31,"",4
35.402563,22:05,InProgress,101,509931729,2024-02-19,32,"Maecenas tristique, est et tempus semper, est quam pharetra magna, ac consequat metus sapien ut nunc.",1
35.487804,21:34,Open,102,502122345,2025-11-30,33,"",3
34.805689,12:39,InProgress,103,504463733,2025-03-11,33,"",2
35.400935,11:07,InProgress,104,507815607,2025-08-22,31,"",6
34.65384,19:16,InProgress,105,504875572,2025-11-18,33,"",2
34.683858,21:56,Closed,106,508944276,2025-04-04,33,Sed vel enim sit amet nunc viverra dapibus.,2
35.443624,8:04,Open,107,505321368,2026-01-20,33,Aenean fermentum.,6
35.162783,1:10,Closed,108,500339477,2024-11-26,32,Aenean fermentum.,5
35.059034,2:37,Closed,109,505599853,2024-12-05,32,"",3
35.483965,7:18,Closed,110,505066699,2025-09-05,32,Donec ut dolor.,1
34.99707,21:52,InProgress,111,504484954,2025-04-24,33,"",1
34.541886,15:38,Closed,112,504771515,2024-11-01,31,Suspendisse potenti.,2
34.992281,4:23,InProgress,113,504348777,2025-03-08,33,Morbi ut odio.,5
34.808923,15:37,InProgress,114,505529613,2025-06-12,33,"Nam ultrices, libero non mattis pulvinar, nulla pede ullamcorper augue, a suscipit nulla elit ac nulla.",3
35.265495,20:55,Open,115,505197608,2024-01-13,33,"",1
34.660809,1:50,Closed,116,508437220,2024-11-16,32,"",5
34.92141,17:27,Closed,117,504429637,2025-09-25,31,Suspendisse potenti.,6
35.113714,21:55,Closed,118,502122863,2024-07-12,32,"",2
34.897755,16:11,InProgress,119,500153479,2024-08-17,31,"",1
34.983303,16:39,Open,120,506598878,2025-05-07,32,"",4
35.006992,1:47,Open,121,508463088,2025-05-31,31,"",4
34.952473,18:00,Closed,122,505140166,2025-11-11,32,Vestibulum ante ipsum primis in faucibus orci luctus et ultrices posuere cubilia Curae; Nulla dapibus dolor vel est.,2
35.053332,20:21,Closed,123,500253454,2025-01-26,32,"Donec diam neque, vestibulum eget, vulputate ut, ultrices vel, augue.",6
34.978003,22:30,InProgress,124,506907292,2025-10-27,31,Donec posuere metus vitae ipsum.,2
35.303008,13:36,Open,125,507782113,2024-08-02,32,"",3
35.372822,1:24,InProgress,126,506507133,2026-03-14,33,"Quisque arcu libero, rutrum ac, lobortis vel, dapibus at, diam.",1
35.345361,9:49,InProgress,127,500728104,2025-04-14,33,Proin risus.,4
34.748368,16:19,Open,128,506864385,2024-07-21,32,"Morbi vestibulum, velit id pretium iaculis, diam erat fermentum justo, nec condimentum neque sapien placerat ante.",5
34.799755,19:58,Open,129,506666810,2024-02-27,33,"",6
34.752812,8:05,Open,130,507496017,2026-01-28,33,"Duis bibendum, felis sed interdum venenatis, turpis enim blandit mi, in porttitor pede justo eu massa.",2
34.783142,20:18,Closed,131,508931502,2025-06-04,32,"",3
34.573499,12:27,Closed,132,508759154,2025-02-08,31,Cras pellentesque volutpat dui.,5
34.96874,7:15,InProgress,133,502118657,2024-08-15,33,"",1
34.672453,7:31,Closed,134,505435871,2026-02-27,31,"Integer pede justo, lacinia eget, tincidunt eget, tempus vel, pede.",3
34.678551,13:56,Closed,135,502907490,2024-08-09,31,Etiam pretium iaculis justo.,6
35.489339,2:27,Closed,136,505189254,2025-11-22,32,Proin eu mi.,6
35.037016,12:02,InProgress,137,506581495,2025-09-03,31,"",3
34.547683,1:57,Open,138,502070473,2024-10-21,31,"",2
34.721577,20:25,InProgress,139,500278805,2025-05-25,33,Nullam varius.,2
35.038858,0:17,Closed,140,506147648,2025-12-25,33,Cras pellentesque volutpat dui.,5
35.161825,20:27,InProgress,141,503593888,2025-03-13,32,"",1
34.724449,9:08,Open,142,504240436,2024-08-21,32,"",2
35.10873,19:49,Closed,143,506138958,2025-11-09,31,Nullam molestie nibh in lectus.,2
35.111801,22:57,InProgress,144,502410942,2026-02-07,33,"",1
34.710789,2:17,Closed,145,501514606,2024-06-14,32,Aliquam sit amet diam in magna bibendum imperdiet.,1
35.343706,20:12,InProgress,146,500430666,2024-08-01,31,"",2
35.455585,13:08,InProgress,147,502952314,2026-01-14,32,"",6
35.293383,22:33,InProgress,148,503622562,2025-07-09,32,"Nam congue, risus semper porta volutpat, quam pede lobortis ligula, sit amet eleifend pede libero quis orci.",6
35.219329,23:24,Closed,149,508849207,2024-01-21,32,"",3
34.544003,21:21,InProgress,150,506032078,2025-01-28,33,Curabitur at ipsum ac tellus semper interdum.,2
35.488127,9:29,Open,151,507643234,2024-09-21,33,"",5
34.618183,3:04,Closed,152,504730108,2025-09-01,31,"Lorem ipsum dolor sit amet, consectetuer adipiscing elit. Proin risus. Praesent lectus. Vestibulum quam sapien, varius ut, blandit non, interdum in, ante. Vestibulum ante ipsum primis in faucibus orci luctus et ultrices posuere cubilia Curae; Duis faucibus accumsan odio. Curabitur convallis. Duis consequat dui nec nisi volutpat eleifend. Donec ut dolor. Morbi vel lectus in quam fringilla rhoncus. Mauris enim leo, rhoncus sed, vestibulum sit amet, cursus id, turpis. Integer aliquet, massa id lobortis convallis, tortor risus dapibus augue, vel accumsan tellus nisi eu orci. Mauris lacinia sapien quis libero. Nullam sit amet turpis elementum ligula vehicula consequat. Morbi a ipsum. Integer a nibh. In quis justo. Maecenas rhoncus aliquam lacus. Morbi quis tortor id nulla ultrices aliquet. Maecenas leo odio, condimentum id, luctus nec, molestie sed, justo. Pellentesque viverra pede ac diam. Cras pellentesque volutpat dui. Maecenas tristique, est et tempus semper, est quam pharetra magna, ac consequat metus sapien ut nunc. Vestibulum ante ipsum primis in faucibus orci luctus et ultrices posuere cubilia Curae; Mauris viverra diam vitae quam. Suspendisse potenti. Nullam porttitor lacus at turpis. Donec posuere metus vitae ipsum. Aliquam non mauris. Morbi non lectus. Aliquam sit amet diam in magna bibendum imperdiet. Nullam orci pede, venenatis non, sodales sed, tincidunt eu, felis. Fusce posuere felis sed lacus. Morbi sem mauris, laoreet ut, rhoncus aliquet, pulvinar sed, nisl. Nunc rhoncus dui vel sem. Sed sagittis. Nam congue, risus semper porta volutpat, quam pede lobortis ligula, sit amet eleifend pede libero quis orci. Nullam molestie nibh in lectus. Pellentesque at nulla. Suspendisse potenti. Cras in purus eu magna vulputate luctus. Cum sociis natoque penatibus et magnis dis parturient montes, nascetur ridiculus mus. Vivamus vestibulum sagittis sapien. Cum sociis natoque penatibus et magnis dis parturient montes, nascetur ridiculus mus. Etiam vel augue. Vestibulum rutrum rutrum neque. Aenean auctor gravida sem. Praesent id massa id nisl venenatis lacinia. Aenean sit amet justo. Morbi ut odio. Cras mi pede, malesuada in, imperdiet et, commodo vulputate, justo. In blandit ultrices enim. Lorem ipsum dolor sit amet, consectetuer adipiscing elit. Proin interdum mauris non ligula pellentesque ultrices. Phasellus id sapien in sapien iaculis congue. Vivamus metus arcu, adipiscing molestie, hendrerit at, vulputate vitae, nisl. Aenean lectus. Pellentesque eget nunc. Donec quis orci eget orci vehicula condimentum. Curabitur in libero ut massa volutpat convallis. Morbi odio odio, elementum eu, interdum eu, tincidunt in, leo. Maecenas pulvinar lobortis est. Phasellus sit amet erat. Nulla tempus. Vivamus in felis eu sapien cursus vestibulum. Proin eu mi. Nulla ac enim. In tempor, turpis nec euismod scelerisque, quam turpis adipiscing lorem, vitae mattis nibh ligula nec sem. Duis aliquam convallis nunc. Proin at turpis a pede posuere nonummy. Integer non velit. Donec diam neque, vestibulum eget, vulputate ut, ultrices vel, augue. Vestibulum ante ipsum primis in faucibus orci luctus et ultrices posuere cubilia Curae; Donec pharetra, magna vestibulum aliquet ultrices, erat tortor sollicitudin mi, sit amet lobortis sapien sapien non mi. Integer ac neque. Duis bibendum. Morbi non quam nec dui luctus rutrum. Nulla tellus. In sagittis dui vel nisl. Duis ac nibh. Fusce lacus purus, aliquet at, feugiat non, pretium quis, lectus. Suspendisse potenti. In eleifend quam a odio. In hac habitasse platea dictumst. Maecenas ut massa quis augue luctus tincidunt. Nulla mollis molestie lorem. Quisque ut erat. Curabitur gravida nisi at nibh. In hac habitasse platea dictumst. Aliquam augue quam, sollicitudin vitae, consectetuer eget, rutrum at, lorem. Integer tincidunt ante vel ipsum. Praesent blandit lacinia erat. Vestibulum sed magna at nunc commodo placerat. Praesent blandit. Nam nulla. Integer pede justo, lacinia eget, tincidunt eget, tempus vel, pede. Morbi porttitor lorem id ligula. Suspendisse ornare consequat lectus. In est risus, auctor sed, tristique in, tempus sit amet, sem. Fusce consequat. Nulla nisl. Nunc nisl. Duis bibendum, felis sed interdum venenatis, turpis enim blandit mi, in porttitor pede justo eu massa. Donec dapibus. Duis at velit eu est congue elementum. In hac habitasse platea dictumst. Morbi vestibulum, velit id pretium iaculis, diam erat fermentum justo, nec condimentum neque sapien placerat ante. Nulla justo. Aliquam quis turpis eget elit sodales scelerisque. Mauris sit amet eros. Suspendisse accumsan tortor quis turpis. Sed ante. Vivamus tortor. Duis mattis egestas metus. Aenean fermentum. Donec ut mauris eget massa tempor convallis. Nulla neque libero, convallis eget, eleifend luctus, ultricies eu, nibh. Quisque id justo sit amet sapien dignissim vestibulum. Vestibulum ante ipsum primis in faucibus orci luctus et ultrices posuere cubilia Curae; Nulla dapibus dolor vel est. Donec odio justo, sollicitudin ut, suscipit a, feugiat et, eros. Vestibulum ac est lacinia nisi venenatis tristique. Fusce congue, diam id ornare imperdiet, sapien urna pretium nisl, ut volutpat sapien arcu sed augue. Aliquam erat volutpat. In congue. Etiam justo. Etiam pretium iaculis justo. In hac habitasse platea dictumst. Etiam faucibus cursus urna. Ut tellus. Nulla ut erat id mauris vulputate elementum. Nullam varius. Nulla facilisi. Cras non velit nec nisi vulputate nonummy. Maecenas tincidunt lacus at velit. Vivamus vel nulla eget eros elementum pellentesque. Quisque porta volutpat erat. Quisque erat eros, viverra eget, congue eget, semper rutrum, nulla. Nunc purus. Phasellus in felis. Donec semper sapien a libero. Nam dui. Proin leo odio, porttitor id, consequat in, consequat ut, nulla. Sed accumsan felis. Ut at dolor quis odio consequat varius. Integer ac leo. Pellentesque ultrices mattis odio. Donec vitae nisi. Nam ultrices, libero non mattis pulvinar, nulla pede ullamcorper augue, a suscipit nulla elit ac nulla. Sed vel enim sit amet nunc viverra dapibus. Nulla suscipit ligula in lacus. Curabitur at ipsum ac tellus semper interdum. Mauris ullamcorper purus sit amet nulla. Quisque arcu libero, rutrum ac, lobortis vel, dapibus at, diam. Nam tristique tortor eu pede.",2
35.461279,10:27,InProgress,153,506045465,2025-08-09,32,"Morbi sem mauris, laoreet ut, rhoncus aliquet, pulvinar sed, nisl.",5
34.816125,4:48,InProgress,154,501433294,2026-01-13,33,Vivamus tortor.,2
34.588394,4:57,InProgress,155,503926395,2025-09-12,31,"",5
35.064604,2:28,InProgress,156,503973198,2024-12-01,31,Pellentesque viverra pede ac diam.,6
35.004352,2:58,Open,157,508580526,2024-04-23,32,Suspendisse ornare consequat lectus.,6
34.566539,11:48,Open,158,503651674,2024-09-13,31,Aliquam sit amet diam in magna bibendum imperdiet.,6
35.045672,2:29,InProgress,159,505372829,2024-03-16,32,Pellentesque ultrices mattis odio.,1
35.438055,20:52,Closed,160,508625699,2024-08-28,33,In eleifend quam a odio.,3
35.487794,21:36,Closed,161,508280878,2026-03-02,32,"",6
34.679697,0:19,Closed,162,507967892,2025-09-08,32,"Lorem ipsum dolor sit amet, consectetuer adipiscing elit.",1
34.980661,11:04,Closed,163,500233032,2025-10-16,32,"Proin leo odio, porttitor id, consequat in, consequat ut, nulla.",1
34.995628,4:12,Closed,164,503347774,2024-05-11,31,"",3
34.6041,11:01,Open,165,501138770,2025-05-23,33,Morbi porttitor lorem id ligula.,2
35.279749,6:22,InProgress,166,508301820,2024-02-05,31,In congue.,2
35.137146,18:47,Closed,167,502176969,2024-12-11,33,"Maecenas leo odio, condimentum id, luctus nec, molestie sed, justo.",5
34.577249,12:20,Closed,168,502456937,2024-09-26,33,"",1
34.653198,15:29,Closed,169,501029192,2024-07-03,32,Nulla ut erat id mauris vulputate elementum.,2
35.433173,20:33,Open,170,503911081,2026-02-28,33,"",3
34.623697,3:54,Open,171,505526511,2024-09-02,33,Vestibulum ante ipsum primis in faucibus orci luctus et ultrices posuere cubilia Curae; Duis faucibus accumsan odio.,6
35.22207,18:44,Closed,172,504096630,2024-11-12,32,"Cum sociis natoque penatibus et magnis dis parturient montes, nascetur ridiculus mus.",1
35.293343,3:38,InProgress,173,503880919,2024-11-23,33,"",6
34.846583,2:18,Open,174,503843761,2026-01-13,33,"",4
34.618075,12:47,Open,175,500369775,2024-01-26,32,"",2
34.707696,5:58,Closed,176,504108906,2025-08-30,31,Nunc rhoncus dui vel sem.,1
34.895013,8:16,Closed,177,505428375,2025-12-27,31,"",2
35.294131,13:49,Closed,178,506765644,2025-12-24,33,"Quisque arcu libero, rutrum ac, lobortis vel, dapibus at, diam.",6
35.271768,0:01,Open,179,500254899,2026-01-14,31,Vivamus vel nulla eget eros elementum pellentesque.,4
34.638914,6:45,Open,180,508878112,2024-08-18,32,Nulla tellus.,5
35.425688,4:00,Open,181,507417026,2025-08-01,33,"Cras mi pede, malesuada in, imperdiet et, commodo vulputate, justo.",6
35.388323,23:44,Open,182,503633384,2024-11-28,32,"",2
35.377359,10:41,Open,183,501595211,2026-02-13,31,"",1
35.027868,12:52,InProgress,184,502785391,2025-01-12,31,"",2
35.065316,3:37,InProgress,185,500178195,2025-09-12,31,Praesent lectus.,2
34.841973,12:33,Open,186,506069711,2024-03-30,32,"Mauris enim leo, rhoncus sed, vestibulum sit amet, cursus id, turpis.",2
35.46393,4:30,Closed,187,508799185,2026-02-12,32,"Nullam orci pede, venenatis non, sodales sed, tincidunt eu, felis.",3
34.923693,17:07,Closed,188,504700534,2024-09-23,32,"",3
34.598219,9:45,InProgress,189,509205463,2024-09-22,32,"Fusce lacus purus, aliquet at, feugiat non, pretium quis, lectus.",6
34.796645,14:39,Closed,190,506804514,2024-03-30,31,"",4
35.164291,22:00,Closed,191,504320725,2024-12-10,31,Nullam porttitor lacus at turpis.,4
35.244807,14:45,Closed,192,500071046,2025-05-16,31,Suspendisse ornare consequat lectus.,1
34.603362,1:35,Closed,193,500573691,2025-08-06,31,Maecenas tincidunt lacus at velit.,6
35.047997,22:28,Closed,194,507203019,2024-09-14,32,"Nulla neque libero, convallis eget, eleifend luctus, ultricies eu, nibh.",3
35.492702,6:53,InProgress,195,500432943,2025-03-11,33,"",6
35.126727,10:56,InProgress,196,502266752,2025-08-19,33,Donec semper sapien a libero.,5
35.448402,2:23,Open,197,505547349,2024-01-03,32,"",4
35.468953,5:48,Open,198,505421103,2025-09-23,33,Donec semper sapien a libero.,5
35.127684,6:22,Closed,199,502226203,2024-10-04,33,Nam tristique tortor eu pede.,6
34.872983,19:40,Closed,200,507556889,2024-05-25,31,"",3
34.548665,7:31,InProgress,201,508284903,2024-10-30,32,"",1
35.349283,3:43,Open,202,504366703,2025-09-01,32,"",4
35.266643,20:33,Closed,203,500416171,2025-01-25,33,"",5
34.601056,18:54,InProgress,204,500448801,2025-09-12,33,"",5
34.624446,6:48,InProgress,205,503771432,2025-03-31,32,Sed ante.,3
34.530764,23:09,Closed,206,503639084,2025-11-12,33,Aenean lectus.,6
35.466425,22:12,InProgress,207,505430282,2024-11-06,32,"",6
34.823725,23:47,Closed,208,503984079,2024-03-21,33,Nunc nisl.,2
35.358508,17:52,InProgress,209,507240542,2025-08-22,31,"",5
35.403109,15:12,Closed,210,505740490,2026-01-17,33,"",2
35.420377,19:16,Closed,211,505213546,2026-01-17,32,Proin eu mi.,4
34.976244,14:12,Closed,212,502090020,2024-02-10,32,"",3
35.285604,1:06,Closed,213,506900444,2026-02-27,33,"",1
34.715241,6:58,Closed,214,503294635,2025-06-16,32,"",3
34.519164,22:53,InProgress,215,502103523,2026-03-23,32,Integer ac leo.,4
34.756854,2:39,InProgress,216,503919801,2025-10-04,31,"",5
34.645097,13:45,Closed,217,500031922,2025-10-10,33,"",3
34.713245,14:45,Closed,218,506659922,2025-11-20,31,Praesent lectus.,1
35.209715,17:18,Closed,219,505107760,2024-09-25,31,"",1
34.5309,17:46,InProgress,220,505254975,2024-03-28,32,Praesent blandit lacinia erat.,5
34.762978,11:22,Closed,221,502123762,2025-08-18,32,"",1
34.89679,22:31,Closed,222,509993051,2024-01-07,31,"Cum sociis natoque penatibus et magnis dis parturient montes, nascetur ridiculus mus.",5
34.616643,14:39,Closed,223,502033648,2026-03-10,32,Morbi vel lectus in quam fringilla rhoncus.,1
34.7489,1:33,Closed,224,507077995,2024-07-19,33,"",6
35.183355,21:49,Open,225,504542912,2024-05-05,31,Mauris ullamcorper purus sit amet nulla.,3
34.541273,1:57,Open,226,501122800,2025-03-20,32,"Nam ultrices, libero non mattis pulvinar, nulla pede ullamcorper augue, a suscipit nulla elit ac nulla.",1
34.530442,9:21,InProgress,227,508646675,2025-11-13,33,Aenean sit amet justo.,2
34.854717,14:54,Closed,228,505559025,2025-12-02,31,Phasellus sit amet erat.,5
34.762743,2:46,Open,229,505481432,2024-01-21,32,"",3
35.370554,13:33,Closed,230,503660989,2025-02-14,32,"",1
35.368926,6:35,Open,231,500984511,2026-01-06,33,"",5
34.808586,15:14,Closed,232,503274899,2025-01-14,31,"Fusce congue, diam id ornare imperdiet, sapien urna pretium nisl, ut volutpat sapien arcu sed augue.",5
34.708992,4:51,Closed,233,506899355,2025-11-23,32,"Quisque erat eros, viverra eget, congue eget, semper rutrum, nulla.",4
34.779634,17:44,InProgress,234,505174438,2025-07-26,32,"",4
35.162552,16:39,Open,235,505648763,2025-06-21,31,"",5
34.67349,15:35,InProgress,236,501425621,2025-04-16,33,Donec posuere metus vitae ipsum.,4
34.761778,22:36,Closed,237,506268718,2026-01-15,32,"",2
35.132785,17:57,Closed,238,508985016,2024-12-18,33,Nulla facilisi.,4
34.769393,17:01,InProgress,239,509676427,2025-02-19,31,Donec vitae nisi.,5
35.269811,0:46,Closed,240,504142343,2024-03-21,31,Nulla ac enim.,2
34.667148,18:57,InProgress,241,505764640,2025-12-14,31,Integer non velit.,1
34.831225,20:53,InProgress,242,502281794,2024-04-22,32,In sagittis dui vel nisl.,2
35.280588,22:49,InProgress,243,507265691,2026-02-15,31,Aliquam quis turpis eget elit sodales scelerisque.,5
34.627212,1:06,Open,244,509777144,2025-08-02,32,"",4
34.568285,20:10,Closed,245,507939961,2024-05-22,31,"Nam ultrices, libero non mattis pulvinar, nulla pede ullamcorper augue, a suscipit nulla elit ac nulla.",3
35.496826,23:15,InProgress,246,504916155,2025-01-07,33,"",3
35.280995,15:32,Closed,247,503185724,2024-05-30,33,"",5
35.202922,1:11,Closed,248,504918636,2025-08-26,33,Donec ut dolor.,2
34.962361,0:13,Open,249,507261703,2025-09-02,31,Suspendisse potenti.,1
34.941114,20:15,InProgress,250,503332508,2026-04-09,32,"",4
35.267703,4:37,InProgress,251,501828465,2024-11-17,32,"In tempor, turpis nec euismod scelerisque, quam turpis adipiscing lorem, vitae mattis nibh ligula nec sem.",6
35.343967,18:19,Open,252,501996912,2024-03-12,31,Duis consequat dui nec nisi volutpat eleifend.,4
35.231617,9:41,Closed,253,508769329,2026-02-18,31,Vestibulum sed magna at nunc commodo placerat.,3
34.812811,0:34,InProgress,254,501100808,2024-10-10,31,"Nam ultrices, libero non mattis pulvinar, nulla pede ullamcorper augue, a suscipit nulla elit ac nulla.",2
34.769825,22:33,Closed,255,500467910,2025-04-14,31,"Morbi vestibulum, velit id pretium iaculis, diam erat fermentum justo, nec condimentum neque sapien placerat ante.",3
34.648261,20:52,InProgress,256,501364519,2025-08-13,32,Morbi vel lectus in quam fringilla rhoncus.,2
34.813683,17:46,InProgress,257,507185174,2025-10-18,31,In blandit ultrices enim.,3
34.732088,23:35,Open,258,500446238,2024-12-30,31,"",5
35.113642,14:31,Closed,259,507368474,2024-03-13,32,Integer non velit.,2
35.06957,0:24,Closed,260,509013971,2024-03-31,32,Proin at turpis a pede posuere nonummy.,3
34.518306,22:39,Closed,261,501943864,2024-04-09,32,Nulla tellus.,3
34.616993,7:29,Closed,262,507027603,2025-12-15,31,Vivamus tortor.,4
34.750476,21:57,Closed,263,500216722,2024-05-24,32,Nulla ut erat id mauris vulputate elementum.,1
35.470103,9:47,Open,264,508433139,2024-01-05,31,Ut at dolor quis odio consequat varius.,1
34.731584,12:07,Open,265,507185654,2024-07-01,31,"",4
35.326476,0:55,Closed,266,508681048,2024-01-25,32,"",4
35.157068,6:57,InProgress,267,503141508,2025-10-13,31,"",2
34.697243,16:04,InProgress,268,506306980,2024-05-14,32,Mauris ullamcorper purus sit amet nulla.,2
35.34856,0:48,InProgress,269,505020756,2026-01-09,31,Morbi a ipsum.,1
34.989891,14:11,Open,270,504001948,2025-01-27,31,"In est risus, auctor sed, tristique in, tempus sit amet, sem.",3
35.395563,9:15,Closed,271,503443475,2024-02-23,32,Fusce posuere felis sed lacus.,2
35.25927,18:24,InProgress,272,509210436,2025-02-28,31,"",4
34.713376,14:53,Closed,273,500689030,2025-08-16,31,"Nam ultrices, libero non mattis pulvinar, nulla pede ullamcorper augue, a suscipit nulla elit ac nulla.",1
35.240525,22:46,InProgress,274,509512503,2024-08-26,32,Proin eu mi.,6
34.618441,13:34,InProgress,275,503714600,2025-11-01,32,Nam nulla.,4
34.699554,8:16,Open,276,509269133,2025-01-17,32,Vivamus in felis eu sapien cursus vestibulum.,2
34.66974,9:37,Closed,277,501292128,2024-02-05,31,"",1
35.212772,23:49,Open,278,506819617,2025-06-20,32,"",3
35.454423,9:35,InProgress,279,502460054,2024-07-14,32,"",5
34.602624,20:27,InProgress,280,502742521,2025-04-20,33,"",1
34.793081,11:40,Closed,281,504438516,2025-03-13,33,"",3
35.427809,4:56,Closed,282,502240954,2024-01-27,33,"",5
35.399398,9:46,Closed,283,508593179,2025-03-04,32,Vestibulum ante ipsum primis in faucibus orci luctus et ultrices posuere cubilia Curae; Mauris viverra diam vitae quam.,1
34.590394,16:11,InProgress,284,503820260,2024-12-03,32,Donec semper sapien a libero.,6
35.275999,15:29,Open,285,502554160,2025-04-13,33,"",1
35.037461,2:43,Open,286,502478444,2025-05-02,31,"",4
34.556465,20:08,InProgress,287,501188890,2025-10-11,31,"",1
34.97804,4:32,Closed,288,504904460,2025-09-05,32,Suspendisse potenti.,3
35.373439,3:21,Open,289,507891168,2025-12-04,33,"",2
34.776663,6:02,Open,290,509000207,2024-04-04,32,"",5
34.628223,4:38,Open,291,501076151,2025-10-17,32,"",1
35.176707,8:00,InProgress,292,509654367,2025-06-17,31,Etiam pretium iaculis justo.,4
34.980708,15:33,Open,293,502563694,2024-09-16,32,Nulla mollis molestie lorem.,1
35.090057,21:20,Open,294,507459444,2024-01-02,32,Fusce posuere felis sed lacus.,2
34.61822,1:54,Open,295,504758858,2025-06-17,32,"",1
35.089365,5:37,Open,296,502806697,2026-03-13,32,Fusce posuere felis sed lacus.,3
34.617752,12:34,Open,297,508311115,2024-02-12,31,Nunc purus.,3
35.13748,2:12,InProgress,298,501165242,2024-06-20,31,Mauris sit amet eros.,6
35.058532,0:11,InProgress,299,509837051,2024-08-15,33,Praesent blandit lacinia erat.,3
34.586862,22:54,Closed,300,508788986,2026-01-21,33,"",4
34.960848,13:04,InProgress,301,508119917,2024-04-30,32,"",4
34.607743,2:29,Closed,302,505131682,2024-11-03,32,Cras non velit nec nisi vulputate nonummy.,2
35.226522,9:26,InProgress,303,505922333,2024-06-23,33,"Cum sociis natoque penatibus et magnis dis parturient montes, nascetur ridiculus mus.",2
35.23504,1:07,InProgress,304,500958617,2024-11-02,31,Aenean fermentum.,6
34.840866,23:32,Open,305,509189268,2024-09-20,31,"",3
35.024172,0:07,Open,306,503451354,2024-06-25,33,In congue.,2
35.430934,9:59,Open,307,500173454,2026-03-22,33,"",3
35.284771,8:49,InProgress,308,500560718,2026-02-03,32,"",1
35.209607,9:13,InProgress,309,506970565,2024-08-02,31,"",2
35.209137,14:41,Open,310,508267450,2025-10-17,33,"Mauris enim leo, rhoncus sed, vestibulum sit amet, cursus id, turpis.",6
35.357553,5:53,Open,311,500380286,2025-10-03,33,"",4
34.611949,7:12,InProgress,312,500479614,2024-11-10,33,Aliquam non mauris.,4
35.476124,4:37,InProgress,313,502734865,2024-03-11,33,Etiam justo.,5
35.182998,5:08,InProgress,314,505164853,2025-07-08,33,Proin risus.,3
35.4483,0:49,Open,315,506784730,2024-08-22,32,"",6
35.173301,4:45,InProgress,316,504464611,2024-06-07,31,"",2
34.665211,3:24,Open,317,500316438,2025-06-20,31,"",3
35.250195,14:53,Closed,318,507305503,2024-11-21,31,"",4
35.157535,1:22,Open,319,507800259,2025-06-04,32,"",2
34.565769,19:01,Closed,320,500265054,2025-07-18,32,"",5
34.850626,21:25,InProgress,321,505740750,2025-02-22,31,"",6
35.22797,3:57,Closed,322,501273157,2025-05-20,33,"",6
34.88837,4:49,Open,323,500293274,2024-06-27,31,Vestibulum ante ipsum primis in faucibus orci luctus et ultrices posuere cubilia Curae; Duis faucibus accumsan odio.,6
35.177383,6:01,Closed,324,501690918,2024-05-28,31,Duis consequat dui nec nisi volutpat eleifend.,6
34.849395,19:26,InProgress,325,505699174,2024-06-15,31,"Aliquam augue quam, sollicitudin vitae, consectetuer eget, rutrum at, lorem.",4
34.862874,22:09,Closed,326,503494120,2025-07-12,31,"",3
35.480176,19:50,Open,327,502972643,2025-01-05,31,"",4
35.080325,0:15,Closed,328,503652740,2025-03-12,31,"",2
34.979184,14:11,Open,329,504450887,2025-12-01,33,"",6
35.187881,0:46,Open,330,508236032,2025-02-02,33,Morbi vel lectus in quam fringilla rhoncus.,2
34.781126,12:01,InProgress,331,507216560,2026-02-14,31,"Cum sociis natoque penatibus et magnis dis parturient montes, nascetur ridiculus mus.",3
35.418123,11:17,Closed,332,500560653,2024-05-11,33,"",4
35.056948,15:07,Closed,333,505726124,2025-07-27,31,Duis aliquam convallis nunc.,2
35.156214,10:44,InProgress,334,501948142,2025-09-15,31,Proin interdum mauris non ligula pellentesque ultrices.,3
34.650032,5:01,InProgress,335,505879829,2025-12-10,32,Curabitur in libero ut massa volutpat convallis.,5
35.081366,13:07,Open,336,506591203,2024-11-30,31,"Nulla neque libero, convallis eget, eleifend luctus, ultricies eu, nibh.",5
35.122781,20:29,Closed,337,502346996,2026-03-18,33,In blandit ultrices enim.,6
35.105504,12:59,InProgress,338,501820033,2024-10-22,31,"",3
34.815953,0:00,Closed,339,506976432,2026-04-02,33,"",4
34.729885,6:40,Open,340,500884485,2024-10-10,32,"",5
35.083064,0:09,InProgress,341,500629862,2025-05-16,31,Morbi quis tortor id nulla ultrices aliquet.,6
35.154172,16:37,InProgress,342,503560863,2025-07-31,31,"",2
34.542339,11:14,InProgress,343,508689163,2025-02-14,31,"",5
34.969241,13:00,Open,344,501638128,2025-04-14,33,Nullam sit amet turpis elementum ligula vehicula consequat.,2
34.619596,16:23,Closed,345,505526884,2025-08-18,32,Curabitur gravida nisi at nibh.,1
35.122466,13:56,InProgress,346,508784640,2024-11-14,32,"",1
34.527115,14:01,Open,347,508412641,2024-05-15,32,"Lorem ipsum dolor sit amet, consectetuer adipiscing elit.",4
34.753525,2:30,InProgress,348,503173320,2024-01-03,31,Morbi vel lectus in quam fringilla rhoncus.,6
35.25612,12:47,InProgress,349,507659131,2025-01-02,31,Morbi vel lectus in quam fringilla rhoncus.,5
35.493351,14:25,InProgress,350,502149499,2026-03-03,33,"",2
34.745547,9:59,InProgress,351,501377354,2026-01-14,32,"",4
35.380301,10:18,InProgress,352,504789067,2025-09-10,31,"Fusce lacus purus, aliquet at, feugiat non, pretium quis, lectus.",3
35.000054,4:21,InProgress,353,503406316,2024-08-01,33,"Lorem ipsum dolor sit amet, consectetuer adipiscing elit. Proin risus. Praesent lectus. Vestibulum quam sapien, varius ut, blandit non, interdum in, ante. Vestibulum ante ipsum primis in faucibus orci luctus et ultrices posuere cubilia Curae; Duis faucibus accumsan odio. Curabitur convallis. Duis consequat dui nec nisi volutpat eleifend. Donec ut dolor. Morbi vel lectus in quam fringilla rhoncus. Mauris enim leo, rhoncus sed, vestibulum sit amet, cursus id, turpis. Integer aliquet, massa id lobortis convallis, tortor risus dapibus augue, vel accumsan tellus nisi eu orci. Mauris lacinia sapien quis libero. Nullam sit amet turpis elementum ligula vehicula consequat. Morbi a ipsum. Integer a nibh. In quis justo. Maecenas rhoncus aliquam lacus. Morbi quis tortor id nulla ultrices aliquet. Maecenas leo odio, condimentum id, luctus nec, molestie sed, justo. Pellentesque viverra pede ac diam. Cras pellentesque volutpat dui. Maecenas tristique, est et tempus semper, est quam pharetra magna, ac consequat metus sapien ut nunc. Vestibulum ante ipsum primis in faucibus orci luctus et ultrices posuere cubilia Curae; Mauris viverra diam vitae quam. Suspendisse potenti. Nullam porttitor lacus at turpis. Donec posuere metus vitae ipsum. Aliquam non mauris. Morbi non lectus. Aliquam sit amet diam in magna bibendum imperdiet. Nullam orci pede, venenatis non, sodales sed, tincidunt eu, felis. Fusce posuere felis sed lacus. Morbi sem mauris, laoreet ut, rhoncus aliquet, pulvinar sed, nisl. Nunc rhoncus dui vel sem. Sed sagittis. Nam congue, risus semper porta volutpat, quam pede lobortis ligula, sit amet eleifend pede libero quis orci. Nullam molestie nibh in lectus. Pellentesque at nulla. Suspendisse potenti. Cras in purus eu magna vulputate luctus. Cum sociis natoque penatibus et magnis dis parturient montes, nascetur ridiculus mus. Vivamus vestibulum sagittis sapien. Cum sociis natoque penatibus et magnis dis parturient montes, nascetur ridiculus mus. Etiam vel augue. Vestibulum rutrum rutrum neque. Aenean auctor gravida sem. Praesent id massa id nisl venenatis lacinia. Aenean sit amet justo. Morbi ut odio. Cras mi pede, malesuada in, imperdiet et, commodo vulputate, justo. In blandit ultrices enim. Lorem ipsum dolor sit amet, consectetuer adipiscing elit. Proin interdum mauris non ligula pellentesque ultrices. Phasellus id sapien in sapien iaculis congue. Vivamus metus arcu, adipiscing molestie, hendrerit at, vulputate vitae, nisl. Aenean lectus. Pellentesque eget nunc. Donec quis orci eget orci vehicula condimentum. Curabitur in libero ut massa volutpat convallis. Morbi odio odio, elementum eu, interdum eu, tincidunt in, leo. Maecenas pulvinar lobortis est. Phasellus sit amet erat. Nulla tempus. Vivamus in felis eu sapien cursus vestibulum. Proin eu mi. Nulla ac enim. In tempor, turpis nec euismod scelerisque, quam turpis adipiscing lorem, vitae mattis nibh ligula nec sem. Duis aliquam convallis nunc. Proin at turpis a pede posuere nonummy. Integer non velit. Donec diam neque, vestibulum eget, vulputate ut, ultrices vel, augue. Vestibulum ante ipsum primis in faucibus orci luctus et ultrices posuere cubilia Curae; Donec pharetra, magna vestibulum aliquet ultrices, erat tortor sollicitudin mi, sit amet lobortis sapien sapien non mi. Integer ac neque. Duis bibendum. Morbi non quam nec dui luctus rutrum. Nulla tellus. In sagittis dui vel nisl. Duis ac nibh. Fusce lacus purus, aliquet at, feugiat non, pretium quis, lectus. Suspendisse potenti. In eleifend quam a odio. In hac habitasse platea dictumst. Maecenas ut massa quis augue luctus tincidunt. Nulla mollis molestie lorem. Quisque ut erat. Curabitur gravida nisi at nibh. In hac habitasse platea dictumst. Aliquam augue quam, sollicitudin vitae, consectetuer eget, rutrum at, lorem. Integer tincidunt ante vel ipsum. Praesent blandit lacinia erat. Vestibulum sed magna at nunc commodo placerat. Praesent blandit. Nam nulla. Integer pede justo, lacinia eget, tincidunt eget, tempus vel, pede. Morbi porttitor lorem id ligula. Suspendisse ornare consequat lectus. In est risus, auctor sed, tristique in, tempus sit amet, sem. Fusce consequat. Nulla nisl. Nunc nisl. Duis bibendum, felis sed interdum venenatis, turpis enim blandit mi, in porttitor pede justo eu massa. Donec dapibus. Duis at velit eu est congue elementum. In hac habitasse platea dictumst. Morbi vestibulum, velit id pretium iaculis, diam erat fermentum justo, nec condimentum neque sapien placerat ante. Nulla justo. Aliquam quis turpis eget elit sodales scelerisque. Mauris sit amet eros. Suspendisse accumsan tortor quis turpis. Sed ante. Vivamus tortor. Duis mattis egestas metus. Aenean fermentum. Donec ut mauris eget massa tempor convallis. Nulla neque libero, convallis eget, eleifend luctus, ultricies eu, nibh. Quisque id justo sit amet sapien dignissim vestibulum. Vestibulum ante ipsum primis in faucibus orci luctus et ultrices posuere cubilia Curae; Nulla dapibus dolor vel est. Donec odio justo, sollicitudin ut, suscipit a, feugiat et, eros. Vestibulum ac est lacinia nisi venenatis tristique. Fusce congue, diam id ornare imperdiet, sapien urna pretium nisl, ut volutpat sapien arcu sed augue. Aliquam erat volutpat. In congue. Etiam justo. Etiam pretium iaculis justo. In hac habitasse platea dictumst. Etiam faucibus cursus urna. Ut tellus. Nulla ut erat id mauris vulputate elementum. Nullam varius. Nulla facilisi. Cras non velit nec nisi vulputate nonummy. Maecenas tincidunt lacus at velit. Vivamus vel nulla eget eros elementum pellentesque. Quisque porta volutpat erat. Quisque erat eros, viverra eget, congue eget, semper rutrum, nulla. Nunc purus. Phasellus in felis. Donec semper sapien a libero. Nam dui. Proin leo odio, porttitor id, consequat in, consequat ut, nulla. Sed accumsan felis. Ut at dolor quis odio consequat varius. Integer ac leo. Pellentesque ultrices mattis odio. Donec vitae nisi. Nam ultrices, libero non mattis pulvinar, nulla pede ullamcorper augue, a suscipit nulla elit ac nulla. Sed vel enim sit amet nunc viverra dapibus. Nulla suscipit ligula in lacus. Curabitur at ipsum ac tellus semper interdum. Mauris ullamcorper purus sit amet nulla. Quisque arcu libero, rutrum ac, lobortis vel, dapibus at, diam. Nam tristique tortor eu pede.",3
35.172036,2:35,Open,354,503230878,2024-06-08,33,"",2
35.06243,22:32,Closed,355,500027617,2025-02-05,31,"",5
34.970354,3:08,Open,356,508071672,2024-08-28,31,In sagittis dui vel nisl.,2
34.576466,17:42,InProgress,357,506366954,2025-01-09,32,"",6
35.046306,20:39,InProgress,358,502835312,2025-08-26,32,"",5
35.325376,23:22,Open,359,508116797,2026-02-16,31,Pellentesque eget nunc.,4
34.583616,23:20,Closed,360,501584547,2025-05-02,31,Vivamus tortor.,1
34.75816,22:42,Open,361,503563940,2024-07-09,33,"Proin leo odio, porttitor id, consequat in, consequat ut, nulla.",2
35.183491,13:27,Closed,362,502775373,2024-10-05,31,"",3
34.567821,0:25,Open,363,507370485,2026-02-12,32,"Proin leo odio, porttitor id, consequat in, consequat ut, nulla.",5
34.939751,0:02,InProgress,364,508169890,2024-11-29,33,Donec posuere metus vitae ipsum.,3
34.701389,19:15,InProgress,365,507464713,2025-01-28,33,"",5
34.628421,11:55,Open,366,507321578,2024-10-15,31,Duis consequat dui nec nisi volutpat eleifend.,5
34.97155,20:35,Open,367,508032457,2025-03-17,33,Aliquam quis turpis eget elit sodales scelerisque.,5
35.116489,6:31,Open,368,509357334,2024-07-13,32,Ut tellus.,1
35.119821,6:28,Closed,369,507549178,2024-12-09,31,"",3
34.559532,4:10,InProgress,370,506056532,2024-06-24,32,"",5
35.482878,21:25,InProgress,371,500737182,2025-03-08,31,Suspendisse accumsan tortor quis turpis.,5
35.039075,21:54,Closed,372,508100464,2025-08-12,31,"",5
35.455378,4:38,Open,373,509308725,2026-01-28,33,Nam dui.,5
35.372002,7:15,InProgress,374,505967145,2025-03-31,31,"",1
34.796774,4:59,InProgress,375,504560803,2024-11-15,32,Vivamus vestibulum sagittis sapien.,6
34.944113,11:35,InProgress,376,502271416,2024-12-31,33,Nullam molestie nibh in lectus.,6
34.522793,23:19,Open,377,505327471,2024-02-24,32,"Nulla neque libero, convallis eget, eleifend luctus, ultricies eu, nibh.",1
35.337999,18:11,InProgress,378,500012579,2024-12-23,32,"",4
34.618923,16:55,Closed,379,502356649,2024-08-26,32,Vestibulum ante ipsum primis in faucibus orci luctus et ultrices posuere cubilia Curae; Duis faucibus accumsan odio.,1
35.149478,13:04,InProgress,380,505363337,2024-01-28,33,Vestibulum rutrum rutrum neque.,3
34.932366,17:53,Open,381,509199709,2024-04-17,32,Vivamus tortor.,2
35.485337,23:09,Open,382,500032776,2025-12-29,31,"",1
34.796365,14:01,Open,383,502118625,2024-03-19,33,Nulla ut erat id mauris vulputate elementum.,1
35.107825,22:00,Open,384,501525596,2025-07-23,31,"",6
34.596055,0:01,Closed,385,501842364,2024-12-19,31,"",3
34.68167,7:57,InProgress,386,502380953,2025-05-14,31,"",6
34.727177,5:43,InProgress,387,507649323,2025-04-14,31,Pellentesque ultrices mattis odio.,3
35.264074,23:24,Open,388,509505160,2025-11-02,33,"",4
35.471418,23:19,InProgress,389,505268247,2026-03-25,31,Aliquam erat volutpat.,4
35.260192,23:00,InProgress,390,501962348,2025-04-06,32,"",6
35.405914,2:00,Closed,391,503669930,2025-03-14,31,"",6
34.77101,11:00,Open,392,508261321,2025-06-20,31,Suspendisse potenti.,5
35.361661,5:25,Closed,393,505618402,2025-01-14,31,"",5
35.280927,13:00,Open,394,505448932,2025-06-15,31,Integer tincidunt ante vel ipsum.,6
34.598797,12:44,InProgress,395,504006143,2024-07-16,32,"",1
35.205648,17:21,InProgress,396,509254084,2025-08-09,33,"Nam congue, risus semper porta volutpat, quam pede lobortis ligula, sit amet eleifend pede libero quis orci.",6
34.991223,11:30,InProgress,397,507889717,2024-08-26,32,"Quisque erat eros, viverra eget, congue eget, semper rutrum, nulla.",6
34.587629,2:16,InProgress,398,506150866,2024-09-26,32,Ut tellus.,3
35.124244,10:20,Open,399,502990261,2024-11-08,32,"",1
35.150912,9:34,Open,400,501951795,2025-09-25,33,Duis consequat dui nec nisi volutpat eleifend.,1
35.076395,7:25,Open,401,506686369,2024-08-31,32,Morbi quis tortor id nulla ultrices aliquet.,4
35.346635,17:53,InProgress,402,506713863,2024-04-16,31,"",2
35.364222,0:40,Open,403,506156100,2024-04-28,33,"",3
35.273238,7:51,InProgress,404,507702981,2024-05-15,31,Aliquam erat volutpat.,5
35.468848,19:53,InProgress,405,506044249,2025-10-05,33,Praesent lectus.,2
35.312084,3:55,Open,406,504985768,2025-10-03,31,Etiam vel augue.,4
34.95244,6:01,Open,407,504204211,2024-05-21,32,Nulla mollis molestie lorem.,5
34.809589,2:13,Open,408,508162088,2025-03-12,31,"",1
35.095073,15:00,Open,409,502055641,2024-06-17,33,"",2
35.345018,12:54,Closed,410,503132176,2025-01-14,32,Morbi vel lectus in quam fringilla rhoncus.,4
34.900088,10:32,Open,411,508526418,2025-10-18,33,"",4
35.077756,5:17,Open,412,504859064,2025-08-01,33,"",2
35.36761,4:47,InProgress,413,503455730,2024-05-09,31,"Lorem ipsum dolor sit amet, consectetuer adipiscing elit.",6
35.423633,5:26,InProgress,414,503650865,2024-09-18,31,"",1
35.20097,3:09,Open,415,501162271,2024-12-30,32,Morbi non lectus.,5
35.186974,0:59,Closed,416,502009061,2024-07-26,31,Sed vel enim sit amet nunc viverra dapibus.,6
34.871335,6:56,Open,417,508763516,2024-10-26,32,"",4
34.740969,18:56,InProgress,418,505648049,2025-05-03,31,Aenean sit amet justo.,4
34.934314,8:16,Open,419,509493348,2026-03-29,31,Ut tellus.,4
34.614882,7:02,InProgress,420,504955708,2024-03-29,31,"Quisque arcu libero, rutrum ac, lobortis vel, dapibus at, diam.",1
35.22912,5:14,InProgress,421,501302184,2025-08-25,33,"",2
34.6142,20:17,InProgress,422,500654034,2024-03-17,32,In hac habitasse platea dictumst.,3
34.961112,12:21,Open,423,505593574,2025-10-30,32,"",1
35.396407,14:19,Closed,424,509065700,2024-01-17,31,Mauris ullamcorper purus sit amet nulla.,4
34.849593,9:51,InProgress,425,505692333,2025-08-29,32,Maecenas rhoncus aliquam lacus.,1
35.260547,13:23,Open,426,501137172,2025-12-18,33,Curabitur in libero ut massa volutpat convallis.,1
34.542942,14:19,Closed,427,508750248,2024-04-06,33,"Morbi vestibulum, velit id pretium iaculis, diam erat fermentum justo, nec condimentum neque sapien placerat ante.",4
34.56927,15:30,InProgress,428,503367688,2024-09-03,32,Etiam pretium iaculis justo.,4
35.396358,21:52,Closed,429,509820364,2025-11-01,31,"",1
35.259896,15:17,Closed,430,509737086,2024-06-26,32,Duis aliquam convallis nunc.,4
34.601138,20:36,Open,431,502248561,2025-08-11,32,Duis at velit eu est congue elementum.,2
34.628406,11:26,Open,432,508435781,2025-01-11,32,"",4
35.057088,21:01,Closed,433,507073203,2024-06-08,31,"",3
35.389554,14:03,InProgress,434,501063265,2026-01-08,31,Phasellus id sapien in sapien iaculis congue.,4
34.974348,16:59,Open,435,502333242,2025-09-17,31,"",5
34.958295,3:07,Open,436,507618454,2025-12-09,33,"",5
35.260667,9:22,Open,437,503932036,2024-10-18,31,"Quisque erat eros, viverra eget, congue eget, semper rutrum, nulla.",6
35.421849,3:53,Open,438,501814563,2025-03-11,31,"",4
34.939852,10:57,Closed,439,507874713,2025-12-12,32,"In est risus, auctor sed, tristique in, tempus sit amet, sem.",1
34.95866,2:17,Open,440,507790705,2024-06-13,33,"",2
34.940817,18:24,InProgress,441,506659764,2025-03-19,31,Ut tellus.,1
34.666141,10:34,InProgress,442,506985931,2024-11-20,33,Maecenas rhoncus aliquam lacus.,3
34.749689,7:17,Open,443,504177866,2024-09-09,31,Nulla tellus.,4
35.377805,15:11,Closed,444,500876794,2025-01-10,33,"",3
34.715584,3:39,Open,445,508130268,2024-02-02,32,"",1
35.458109,15:07,Closed,446,502715898,2024-04-14,31,"",4
35.370575,13:37,Closed,447,501504590,2025-04-08,31,Nam nulla.,4
34.767412,18:20,InProgress,448,503435076,2024-01-18,33,Cras in purus eu magna vulputate luctus.,2
35.204177,23:58,InProgress,449,504948448,2025-08-23,31,"",6
35.271427,20:49,Closed,450,501071065,2024-01-23,31,Suspendisse potenti.,3
35.030104,12:37,Open,451,502468074,2025-01-09,32,Praesent blandit lacinia erat.,2
34.728647,14:00,Open,452,502240540,2025-08-09,31,Nam tristique tortor eu pede.,4
34.790035,17:49,Open,453,505208675,2024-07-07,33,"",4
35.394373,1:19,InProgress,454,500824883,2025-12-07,33,"",5
34.846954,0:49,Closed,455,507812726,2025-10-02,32,Pellentesque at nulla.,1
34.545291,16:42,Closed,456,507304323,2024-08-08,32,Donec quis orci eget orci vehicula condimentum.,3
35.334132,12:40,Open,457,501690238,2024-12-09,32,Maecenas rhoncus aliquam lacus.,6
35.065155,16:17,Open,458,502795305,2024-11-09,33,"",6
35.126747,12:54,InProgress,459,503031061,2024-02-04,31,"",4
34.51023,5:16,Closed,460,502619360,2024-10-03,31,Nulla mollis molestie lorem.,3
34.509973,16:16,Closed,461,501273586,2025-04-02,33,"",3
34.713652,12:33,Open,462,506817619,2024-12-04,31,"",2
34.82757,23:03,Open,463,504259827,2025-02-01,32,Integer ac neque.,4
34.972858,6:05,InProgress,464,506425896,2024-09-26,32,"",5
34.576576,22:26,Open,465,503888853,2025-08-13,33,Integer non velit.,4
34.753495,9:48,InProgress,466,509747316,2025-12-12,31,"Mauris enim leo, rhoncus sed, vestibulum sit amet, cursus id, turpis.",3
35.346168,10:39,Open,467,508860818,2025-03-08,32,Nam nulla.,4
35.280242,1:34,Closed,468,501039323,2024-01-25,31,"Maecenas leo odio, condimentum id, luctus nec, molestie sed, justo.",5
35.173378,14:36,InProgress,469,509569712,2025-05-18,32,"",1
34.849714,16:32,Closed,470,502329809,2026-02-20,33,Vestibulum rutrum rutrum neque.,2
34.578469,8:57,InProgress,471,509564462,2024-04-25,33,"Cum sociis natoque penatibus et magnis dis parturient montes, nascetur ridiculus mus.",3
35.030045,12:03,Open,472,506414763,2024-08-17,31,Aenean sit amet justo.,3
35.259487,3:55,Open,473,504532576,2024-06-21,33,Cras non velit nec nisi vulputate nonummy.,6
34.863829,7:13,Closed,474,500834700,2025-12-22,33,"Fusce lacus purus, aliquet at, feugiat non, pretium quis, lectus.",5
34.914411,4:43,InProgress,475,500771299,2024-05-24,31,"",6
35.282376,20:21,InProgress,476,508212805,2025-03-29,31,Nunc nisl.,3
34.820599,5:09,Open,477,509633399,2025-04-04,31,Proin at turpis a pede posuere nonummy.,3
35.384001,5:31,Closed,478,501278326,2025-01-28,31,"",6
35.046022,16:20,Open,479,506250207,2024-05-21,33,Morbi quis tortor id nulla ultrices aliquet.,6
35.048223,15:39,Open,480,501508923,2024-10-01,33,"",5
34.557537,19:26,Closed,481,509211514,2026-02-28,31,"Fusce lacus purus, aliquet at, feugiat non, pretium quis, lectus.",3
34.630166,0:23,Open,482,503680769,2024-12-29,31,"Fusce congue, diam id ornare imperdiet, sapien urna pretium nisl, ut volutpat sapien arcu sed augue.",5
34.814628,5:30,InProgress,483,501791409,2025-02-16,31,"",5
35.48533,23:37,Closed,484,509449758,2025-09-15,32,Donec ut mauris eget massa tempor convallis.,1
35.162692,15:33,InProgress,485,504928758,2024-08-26,32,Aliquam erat volutpat.,6
34.943595,14:45,Closed,486,509369679,2025-07-07,32,"",2
34.748809,6:37,Closed,487,503831611,2026-02-28,31,Cras in purus eu magna vulputate luctus.,1
35.239964,1:37,InProgress,488,501858133,2024-11-16,32,Aenean fermentum.,4
35.327113,0:01,Open,489,500386326,2025-05-10,31,Nulla nisl.,4
34.853389,1:08,InProgress,490,505488105,2026-02-16,31,"",2
35.190873,10:11,Closed,491,507933119,2024-04-17,31,"",6
35.023974,20:41,Open,492,507224128,2024-07-21,33,Ut at dolor quis odio consequat varius.,2
34.8562,2:25,Closed,493,505736447,2025-09-15,31,Aenean fermentum.,2
34.744793,12:27,Open,494,501771827,2024-09-12,33,"",6
35.46141,4:52,Closed,495,508883500,2024-03-06,33,Nam tristique tortor eu pede.,1
35.053328,22:20,InProgress,496,500863285,2025-04-10,31,Vivamus vestibulum sagittis sapien.,1
35.201471,15:52,Open,497,505732283,2025-05-26,31,"",6
35.21872,7:52,Closed,498,505728051,2025-09-20,31,In quis justo.,1
34.763538,2:55,Closed,499,506674356,2025-10-31,32,Curabitur gravida nisi at nibh.,2
34.967692,6:52,InProgress,500,506067611,2025-10-06,33,"",3
