First_Name,Phone,Birthday,Email,City,Volunteer_ID,recruitment_date,Last_Name,Is_Active
Rutger,506778224,1991-02-15,rdulwitch0@csmonitor.com,Netanya,1,2024-07-02,Dulwitch,Y
Antoni,501081917,1987-07-10,abook1@indiegogo.com,Haifa,2,2025-10-26,Book,Y
Tricia,507413382,1997-08-25,tdreher2@stanford.edu,Beer Sheva,3,2021-12-03,Dreher,N
Cecelia,508211540,1994-05-09,croyce3@princeton.edu,Ashdod,4,2025-05-19,Royce,Y
Jenn,509163151,1982-04-22,javerill4@networksolutions.com,Jerusalem,5,2025-07-11,Averill,N
Gwenneth,507088249,2003-02-13,gtrude5@eepurl.com,Netanya,6,2025-05-02,Trude,N
Aura,506537643,1981-08-03,ataffarello6@cnbc.com,Haifa,7,2026-03-27,Taffarello,Y
Matthew,508789570,1994-11-06,mdadamo7@webnode.com,Beer Sheva,8,2024-07-20,D'Adamo,Y
Alane,506965158,1994-10-27,abaverstock8@dell.com,Tel Aviv,9,2025-04-19,Baverstock,N
Hugibert,508239406,1994-10-22,hloftin9@wix.com,Tel Aviv,10,2026-01-20,Loftin,Y
Cathleen,509440602,1991-06-03,cdedmana@go.com,Ashdod,11,2024-12-01,Dedman,N
Carlo,502973547,2004-06-14,cglasb@oakley.com,Netanya,12,2023-03-21,Glas,N
Berget,501140874,1980-12-07,btoombesc@earthlink.net,Haifa,13,2026-02-14,Toombes,Y
Erek,500896711,2000-02-28,eabbyssd@scientificamerican.com,Netanya,14,2025-01-12,Abbyss,N
Fulvia,509961289,2003-03-15,fmulmuraye@tmall.com,Haifa,15,2022-08-02,Mulmuray,N
Tommie,501642896,2004-05-08,tsedgemondf@altervista.org,Jerusalem,16,2024-07-22,Sedgemond,Y
Karalynn,506652230,2000-02-04,kstegglesg@biblegateway.com,Jerusalem,17,2022-02-23,Steggles,N
Dredi,505843649,1991-04-06,dnergerh@dyndns.org,Netanya,18,2021-04-09,Nerger,Y
Skip,502919971,1989-05-20,smecoi@chronoengine.com,Haifa,19,2024-05-12,Meco,N
Archie,506670067,2002-09-28,atathamj@edublogs.org,Netanya,20,2020-08-09,Tatham,N
Harlin,502953316,1997-02-20,hbullivantk@time.com,Tel Aviv,21,2025-04-03,Bullivant,N
Willy,504544254,1994-12-11,wlevenel@nymag.com,Netanya,22,2020-10-15,Levene,Y
Tomasina,507527742,1994-11-25,tmaitlandm@reverbnation.com,Jerusalem,23,2025-11-27,Maitland,Y
Derril,509353213,2003-08-22,dfilippozzin@unesco.org,Beer Sheva,24,2020-04-16,Filippozzi,Y
Dolley,502040626,1995-03-23,dcrawfordo@delicious.com,Beer Sheva,25,2020-10-25,Crawford,N
Gerald,500419072,1986-04-25,gmoaksonp@usda.gov,Haifa,26,2024-06-15,Moakson,Y
Fionnula,505568958,2005-09-11,fgreensideq@bluehost.com,Jerusalem,27,2022-11-05,Greenside,Y
Jeffry,504583618,1987-07-07,jeverr@ucoz.ru,Tel Aviv,28,2020-12-22,Ever,N
Truman,506618048,1984-03-22,tpenhales@hatena.ne.jp,Tel Aviv,29,2021-04-28,Penhale,N
Silva,504201090,1996-11-04,sffoulkest@nasa.gov,Netanya,30,2020-10-08,Ffoulkes,N
Knox,500408469,2004-08-06,kcheineu@ox.ac.uk,Tel Aviv,31,2020-03-26,Cheine,Y
Dean,504877944,1993-05-23,dnoadesv@about.com,Haifa,32,2020-03-13,Noades,N
Marie-ann,506221704,1997-09-16,mpomfretw@artisteer.com,Jerusalem,33,2025-04-04,Pomfret,N
Ki,500156838,1991-10-08,kcrundenx@domainmarket.com,Netanya,34,2022-05-23,Crunden,Y
Mead,503380978,1987-07-04,mhailly@instagram.com,Jerusalem,35,2023-02-27,Haill,Y
Davy,502805028,1997-08-13,dkyteleyz@sciencedaily.com,Haifa,36,2024-12-21,Kyteley,Y
Jacenta,502421657,1995-08-08,jcraighead10@toplist.cz,Tel Aviv,37,2025-11-23,Craighead,N
Sibylla,500014013,1986-09-27,sfulcher11@amazon.co.jp,Netanya,38,2022-08-31,Fulcher,Y
Tobias,502586891,1981-09-01,tstaterfield12@blogger.com,Beer Sheva,39,2020-03-15,Staterfield,N
Margret,505463497,1986-10-10,mbolesma13@huffingtonpost.com,Netanya,40,2020-11-13,Bolesma,N
Catharine,505938246,2003-11-07,clade14@admin.ch,Netanya,41,2021-02-05,Lade,N
Baily,500523486,1998-10-24,bdudson15@ning.com,Ashdod,42,2025-01-12,Dudson,N
Jodi,502902478,2002-11-15,jlangston16@live.com,Netanya,43,2024-05-03,Langston,N
Martyn,509870567,1989-02-16,mhargerie17@mysql.com,Haifa,44,2023-07-23,Hargerie,Y
Linea,509283974,1989-03-18,lpote18@weibo.com,Jerusalem,45,2022-02-20,Pote,Y
Derry,500625115,1994-01-19,dwisdom19@home.pl,Tel Aviv,46,2020-09-17,Wisdom,Y
Torrence,506885367,1988-02-16,tashbey1a@senate.gov,Jerusalem,47,2024-12-10,Ashbey,Y
Selby,507396220,1996-12-16,soddey1b@washington.edu,Haifa,48,2024-03-19,Oddey,Y
Betteann,508943494,1981-08-03,byockley1c@slashdot.org,Netanya,49,2026-02-05,Yockley,Y
Danyelle,505347294,1989-08-10,dmacvanamy1d@hexun.com,Netanya,50,2021-12-28,MacVanamy,N
Rubia,505397763,1992-06-26,rharesnaip1e@noaa.gov,Haifa,51,2021-04-16,Haresnaip,N
Catarina,504832999,1980-08-19,chuygen1f@odnoklassniki.ru,Ashdod,52,2021-02-03,Huygen,N
Jemmy,508032605,1982-12-01,jwythill1g@redcross.org,Beer Sheva,53,2021-04-20,Wythill,N
Zabrina,505019536,1999-05-19,zstonall1h@prnewswire.com,Haifa,54,2022-11-26,Stonall,Y
Una,501665720,1993-08-06,uducarne1i@deliciousdays.com,Haifa,55,2024-01-28,Ducarne,Y
Christie,502861968,1981-12-05,ccrathorne1j@icio.us,Haifa,56,2021-09-22,Crathorne,N
Theodoric,502502844,1995-09-24,thaburne1k@goo.ne.jp,Netanya,57,2024-09-27,Haburne,N
Ella,509855487,1980-04-27,ebonsey1l@vinaora.com,Beer Sheva,58,2020-07-01,Bonsey,Y
Tilly,500607476,1998-12-30,tstoyles1m@clickbank.net,Netanya,59,2024-08-21,Stoyles,N
Merl,509902517,2004-03-26,mthowless1n@rakuten.co.jp,Haifa,60,2020-07-21,Thowless,Y
Waylon,500724392,1998-12-19,wcust1o@stanford.edu,Jerusalem,61,2022-04-28,Cust,Y
Laird,503442682,1990-10-17,lmenendez1p@shinystat.com,Tel Aviv,62,2022-01-01,Menendez,N
Saloma,507165032,1989-02-05,spohls1q@ucla.edu,Netanya,63,2024-05-23,Pohls,Y
Torrence,509306358,1992-07-20,tbrafferton1r@vistaprint.com,Tel Aviv,64,2024-07-16,Brafferton,Y
Constantin,503451227,2005-08-05,cferrettini1s@ow.ly,Beer Sheva,65,2020-03-24,Ferrettini,Y
Hendrick,506738070,1984-11-03,hrickhuss1t@tumblr.com,Beer Sheva,66,2023-07-16,Rickhuss,N
Almira,507366139,1999-04-14,adilston1u@gravatar.com,Haifa,67,2021-05-20,Dilston,Y
Kaia,500491848,1993-09-30,ksanz1v@google.nl,Netanya,68,2024-07-18,Sanz,N
Marcellus,500296865,1987-10-08,mjanuszkiewicz1w@ameblo.jp,Haifa,69,2025-09-13,Januszkiewicz,N
Osmond,503060947,1999-04-11,ocolby1x@samsung.com,Jerusalem,70,2023-05-23,Colby,N
Marylinda,504293286,1998-12-25,mscarsbrooke1y@ca.gov,Haifa,71,2025-10-24,Scarsbrooke,N
Brande,502746418,2002-11-18,bnorthin1z@github.io,Haifa,72,2021-10-14,Northin,N
Guthry,504358289,1994-06-23,gbenoit20@altervista.org,Netanya,73,2020-01-20,Benoit,N
Lindsey,502299968,1982-10-14,ldaysh21@bizjournals.com,Ashdod,74,2025-02-10,Daysh,Y
Nonnah,507143715,1986-12-28,nmacnockater22@ocn.ne.jp,Jerusalem,75,2026-01-09,MacNockater,N
Ileana,508050468,2002-03-16,ipiner23@spiegel.de,Netanya,76,2023-01-23,Piner,N
Sibyl,501886737,1992-09-04,slamberton24@unblog.fr,Tel Aviv,77,2023-07-23,Lamberton,N
Renaldo,502763129,1994-05-03,rkrollman25@nps.gov,Tel Aviv,78,2024-11-18,Krollman,Y
Sid,503353134,1989-03-25,santosch26@bandcamp.com,Beer Sheva,79,2020-12-04,Antosch,N
Nonna,500281666,1990-12-10,nfrancescotti27@chron.com,Netanya,80,2020-06-18,Francescotti,Y
Roscoe,502242386,2004-12-16,rlinzee28@wikia.com,Tel Aviv,81,2024-07-09,Linzee,Y
Carmine,509952852,1992-12-11,coertzen29@cnet.com,Tel Aviv,82,2023-01-14,Oertzen,Y
Kimberlee,502074895,1982-03-25,kolivet2a@booking.com,Beer Sheva,83,2024-03-16,Olivet,Y
Joey,501627456,1993-09-02,jwalbrun2b@answers.com,Beer Sheva,84,2023-04-27,Walbrun,N
Barnabas,502997540,1983-10-17,bliley2c@woothemes.com,Netanya,85,2023-03-21,Liley,N
Savina,505743202,1984-09-09,shosburn2d@webeden.co.uk,Tel Aviv,86,2025-05-04,Hosburn,Y
Giacobo,503339216,2001-09-24,gpardoe2e@youku.com,Netanya,87,2021-03-19,Pardoe,N
Eleonore,500310734,2004-01-06,eblowes2f@state.gov,Beer Sheva,88,2021-04-24,Blowes,N
Elisabet,502682721,1995-01-04,esquires2g@fema.gov,Netanya,89,2020-06-10,Squires,Y
Maxy,504146173,1985-09-02,mduce2h@barnesandnoble.com,Ashdod,90,2023-01-04,Duce,N
Farlee,502571628,2000-03-07,fvigne2i@oakley.com,Tel Aviv,91,2024-12-12,Vigne,Y
Schuyler,502055851,2004-09-17,staborre2j@pbs.org,Ashdod,92,2024-08-23,Taborre,N
Cloe,502455057,1993-01-02,cpringer2k@boston.com,Tel Aviv,93,2025-01-07,Pringer,N
Nydia,501083284,1999-07-13,nmurt2l@netlog.com,Haifa,94,2025-12-10,Murt,Y
Arabelle,506461112,1997-10-13,atidey2m@umich.edu,Beer Sheva,95,2020-02-14,Tidey,Y
Corella,508666403,1987-06-06,cuff2n@over-blog.com,Tel Aviv,96,2022-05-22,Uff,N
Vivie,504958479,1999-12-14,vgalbraith2o@163.com,Haifa,97,2021-03-13,Galbraith,Y
Ricki,507564779,2003-09-29,rriseam2p@fastcompany.com,Tel Aviv,98,2020-10-07,Riseam,N
Rosalind,502339637,1991-01-18,rover2q@springer.com,Netanya,99,2024-08-02,Over,N
Elsie,509044839,1990-04-09,ebrowning2r@nifty.com,Haifa,100,2021-06-15,Browning,Y
Thelma,506509755,1985-03-30,tcometson2s@epa.gov,Beer Sheva,101,2022-12-02,Cometson,Y
Ted,506966632,1998-03-07,tpinnion2t@auda.org.au,Haifa,102,2025-08-11,Pinnion,N
Eolande,507232247,1997-08-26,egrzes2u@craigslist.org,Haifa,103,2022-04-20,Grzes,N
Ivie,503040742,1994-11-18,ibardell2v@nbcnews.com,Tel Aviv,104,2022-11-29,Bardell,Y
Kathrine,507948706,1989-03-10,kilyin2w@ucla.edu,Netanya,105,2025-02-13,Ilyin,Y
Constantine,500446904,1996-02-28,cpaulusch2x@bloglovin.com,Tel Aviv,106,2025-12-19,Paulusch,N
Bucky,509183433,2003-10-25,bshemelt2y@mysql.com,Beer Sheva,107,2020-12-04,Shemelt,Y
Yale,505790072,1993-12-23,ypallas2z@cocolog-nifty.com,Jerusalem,108,2024-08-19,Pallas,Y
Samara,509993816,1983-04-30,smclafferty30@hatena.ne.jp,Haifa,109,2020-08-28,McLafferty,N
Leela,502806522,1990-05-09,lsimnett31@studiopress.com,Ashdod,110,2024-05-07,Simnett,Y
Foss,504366380,1993-06-28,fstirrip32@edublogs.org,Tel Aviv,111,2021-11-28,Stirrip,Y
Kial,506275143,1993-12-03,kshannon33@ow.ly,Netanya,112,2025-02-23,Shannon,N
Jaquenetta,505685860,1986-12-30,jveregan34@patch.com,Ashdod,113,2020-10-12,Veregan,Y
Ree,507423684,1982-02-02,rmarrill35@lulu.com,Ashdod,114,2020-01-23,Marrill,N
Peg,500705240,1995-03-04,prossbrooke36@whitehouse.gov,Haifa,115,2026-02-19,Rossbrooke,Y
Virginie,505232924,1994-03-30,vtalman37@si.edu,Tel Aviv,116,2022-12-31,Talman,Y
Anett,506819014,1981-05-26,aghio38@homestead.com,Netanya,117,2026-03-27,Ghio,N
Adele,508537748,1981-06-19,aruos39@spiegel.de,Beer Sheva,118,2020-10-10,Ruos,Y
Aldo,503030561,2000-08-19,aaddionisio3a@lulu.com,Netanya,119,2023-04-25,Addionisio,N
Elmo,500248347,2000-05-28,eruilton3b@tiny.cc,Beer Sheva,120,2024-08-12,Ruilton,Y
Jo,505611573,1985-01-11,jheaysman3c@epa.gov,Jerusalem,121,2023-12-14,Heaysman,Y
Henrieta,501596128,2005-03-04,herickssen3d@kickstarter.com,Netanya,122,2025-10-24,Erickssen,Y
Sybille,506729878,1984-07-23,scoultas3e@economist.com,Haifa,123,2023-08-30,Coultas,Y
Katha,509504856,1998-01-22,kblanshard3f@privacy.gov.au,Ashdod,124,2023-03-12,Blanshard,Y
Trip,501407000,1989-11-16,tlathey3g@cbslocal.com,Jerusalem,125,2023-11-14,Lathey,Y
Guendolen,508922437,1994-12-15,gwinfrey3h@businesswire.com,Beer Sheva,126,2022-05-22,Winfrey,Y
Christine,509726043,1999-04-19,chuddleston3i@hud.gov,Ashdod,127,2020-09-12,Huddleston,Y
Marvin,507200675,2002-01-22,msymers3j@tripod.com,Ashdod,128,2022-11-04,Symers,N
Debora,506679309,1988-02-01,dmort3k@cbsnews.com,Beer Sheva,129,2021-04-15,Mort,Y
Cliff,503669751,1989-04-11,cparslow3l@yellowbook.com,Ashdod,130,2022-05-17,Parslow,Y
Timofei,505500978,2004-04-09,trawsen3m@washington.edu,Netanya,131,2024-11-02,Rawsen,N
Portia,507963162,1997-02-02,phelleckas3n@multiply.com,Netanya,132,2025-01-30,Helleckas,N
Oates,505977402,1993-05-05,oivanenkov3o@e-recht24.de,Ashdod,133,2025-01-28,Ivanenkov,N
Frasier,505245494,1987-01-24,feasen3p@umn.edu,Netanya,134,2021-05-30,Easen,Y
Zorina,505553511,1997-08-16,zmesias3q@angelfire.com,Beer Sheva,135,2023-08-21,Mesias,Y
Bobbie,501950726,1996-10-05,bhimpson3r@moonfruit.com,Jerusalem,136,2022-04-02,Himpson,N
Marti,509762327,2002-03-01,mwatkins3s@weather.com,Jerusalem,137,2020-06-03,Watkins,Y
Alejandra,503606644,1995-09-01,abycraft3t@mapquest.com,Haifa,138,2023-10-09,Bycraft,N
Michel,508171014,2005-01-01,mdanford3u@1688.com,Tel Aviv,139,2022-01-10,Danford,N
Randall,507314933,1988-02-21,rrastall3v@xinhuanet.com,Jerusalem,140,2022-05-25,Rastall,N
Karolina,507600664,1989-06-24,knarraway3w@github.io,Jerusalem,141,2023-09-20,Narraway,N
Patti,504917144,1999-01-25,pfranses3x@acquirethisname.com,Ashdod,142,2024-11-03,Franses,Y
Frankie,504142684,1990-07-01,fbremner3y@slideshare.net,Netanya,143,2020-10-23,Bremner,Y
Myron,508545230,2001-08-13,mdollar3z@cargocollective.com,Beer Sheva,144,2025-02-07,Dollar,Y
Harwilll,509310724,1999-10-03,hlearman40@bravesites.com,Jerusalem,145,2023-02-09,Learman,Y
Juana,502257787,2003-08-26,jvaszoly41@yandex.ru,Jerusalem,146,2025-11-28,Vaszoly,Y
Truda,503811311,2004-05-29,tcromack42@squidoo.com,Ashdod,147,2023-01-27,Cromack,Y
Dominick,502106090,2000-05-22,dpaniman43@java.com,Tel Aviv,148,2022-03-10,Paniman,N
Nessa,506099826,1999-07-29,nleeb44@cbslocal.com,Ashdod,149,2023-12-09,Leeb,N
Genni,502973132,1981-03-23,gellery45@mlb.com,Tel Aviv,150,2024-06-30,Ellery,Y
Bernhard,509384862,2001-10-31,bmcdermott46@ted.com,Tel Aviv,151,2020-11-29,McDermott,Y
Haleigh,509434292,2003-07-22,hocurrigan47@tumblr.com,Netanya,152,2024-12-16,O'Currigan,N
Nora,507475695,1999-05-20,nlindgren48@squarespace.com,Beer Sheva,153,2026-01-22,Lindgren,Y
Elle,509270738,2001-06-24,ehunnybun49@is.gd,Beer Sheva,154,2025-07-28,Hunnybun,Y
Abdel,503785704,2001-12-27,abowshire4a@reference.com,Jerusalem,155,2023-05-03,Bowshire,Y
Katrine,501643982,1993-05-06,ktremontana4b@businessweek.com,Netanya,156,2025-02-22,Tremontana,N
Benetta,503909049,1993-11-15,bshoveller4c@w3.org,Ashdod,157,2020-06-14,Shoveller,Y
Katrina,501250870,1998-11-16,kmcwhinnie4d@devhub.com,Ashdod,158,2023-11-24,McWhinnie,Y
Krista,500771075,2005-11-10,kgoublier4e@timesonline.co.uk,Beer Sheva,159,2023-08-31,Goublier,N
Sigismundo,509760543,1988-09-30,sscadden4f@theatlantic.com,Tel Aviv,160,2020-02-10,Scadden,N
Evin,505028071,1991-02-12,erarity4g@com.com,Beer Sheva,161,2022-11-14,Rarity,N
Eadie,508641950,1987-03-14,eshatliffe4h@discuz.net,Tel Aviv,162,2022-02-25,Shatliffe,Y
Larry,506335263,1981-10-03,llakey4i@businessweek.com,Tel Aviv,163,2025-11-04,Lakey,N
Velvet,504236568,1986-03-13,vhuncote4j@miitbeian.gov.cn,Beer Sheva,164,2022-11-11,Huncote,N
Lodovico,508821613,1981-06-08,lscrafton4k@fda.gov,Netanya,165,2022-08-19,Scrafton,N
Leonidas,506321827,1982-07-15,lharbin4l@answers.com,Beer Sheva,166,2021-11-06,Harbin,N
Helena,509483590,1980-05-02,hdegg4m@mediafire.com,Tel Aviv,167,2023-08-06,Degg,Y
Sarette,509695035,2005-06-10,scappell4n@bloglines.com,Ashdod,168,2025-11-13,Cappell,Y
Dolph,502487548,2000-01-29,ddumingo4o@theatlantic.com,Jerusalem,169,2021-11-12,Dumingo,N
Phyllys,501371458,1985-08-28,phatherleigh4p@pcworld.com,Jerusalem,170,2023-02-25,Hatherleigh,Y
Humfrey,508851758,1998-01-25,hjacobowicz4q@apple.com,Haifa,171,2024-01-20,Jacobowicz,Y
Clare,502370111,1991-10-30,cferenczy4r@tripod.com,Jerusalem,172,2020-03-14,Ferenczy,Y
Saba,502985057,1994-03-06,slampens4s@ca.gov,Tel Aviv,173,2022-06-23,Lampens,N
Michelle,504142543,1992-02-10,mchamperlen4t@google.cn,Ashdod,174,2021-10-12,Champerlen,Y
Chane,505686653,1998-03-01,craeside4u@webeden.co.uk,Jerusalem,175,2021-10-16,Raeside,Y
Flori,504300362,1991-10-17,fwittrington4v@marketwatch.com,Beer Sheva,176,2022-07-21,Wittrington,Y
Gabriele,503635985,2005-03-29,ggreatrex4w@cmu.edu,Tel Aviv,177,2025-05-31,Greatrex,N
Lib,501451158,2001-05-29,lrohlfs4x@icq.com,Netanya,178,2025-06-26,Rohlfs,N
Cherin,503458062,1982-05-31,csamwaye4y@webnode.com,Tel Aviv,179,2024-06-30,Samwaye,Y
Miriam,505342729,1997-10-08,mwardhough4z@statcounter.com,Tel Aviv,180,2022-08-28,Wardhough,Y
Ashli,502773756,1994-02-28,averny50@hatena.ne.jp,Beer Sheva,181,2023-12-05,Verny,Y
Horatio,504118661,1993-12-28,hricket51@theguardian.com,Beer Sheva,182,2021-02-19,Ricket,N
Yolande,501374543,2000-05-12,yluquet52@walmart.com,Beer Sheva,183,2020-09-15,Luquet,Y
Coleman,502444409,1995-07-14,cmcmillian53@gmpg.org,Beer Sheva,184,2025-10-18,McMillian,Y
Rene,500425923,2005-09-14,rranner54@fema.gov,Netanya,185,2023-04-10,Ranner,Y
Petey,508015834,1993-10-19,phindrick55@nydailynews.com,Netanya,186,2021-05-05,Hindrick,N
Hugo,505199056,1982-07-23,hohenecan56@123-reg.co.uk,Ashdod,187,2020-04-11,O'Henecan,Y
Nicolina,505155279,1999-09-15,nduesberry57@icio.us,Tel Aviv,188,2026-02-15,Duesberry,Y
Eddie,507048229,1997-10-17,esnookes58@cam.ac.uk,Ashdod,189,2020-05-31,Snookes,N
Leola,507515438,2001-06-18,lwardlow59@vinaora.com,Jerusalem,190,2024-06-18,Wardlow,N
Joya,504471435,2001-07-28,jinchcomb5a@npr.org,Beer Sheva,191,2023-10-09,Inchcomb,N
Marten,500953943,1998-11-20,mmatkovic5b@timesonline.co.uk,Jerusalem,192,2023-04-09,Matkovic,Y
Rick,508707291,1994-03-23,rdeny5c@myspace.com,Ashdod,193,2020-01-06,Deny,N
Burtie,500520074,2000-08-24,bhaylor5d@vinaora.com,Tel Aviv,194,2025-01-22,Haylor,Y
Carolina,503013342,1997-06-23,clatan5e@mail.ru,Jerusalem,195,2020-09-30,Latan,N
Maribeth,500564316,1991-07-09,mtuminini5f@twitter.com,Tel Aviv,196,2021-08-12,Tuminini,Y
Venita,503590714,1992-03-13,vpeeke5g@bravesites.com,Netanya,197,2020-12-02,Peeke,Y
Lorry,502545666,1990-05-26,lsherebrooke5h@psu.edu,Beer Sheva,198,2023-08-27,Sherebrooke,Y
Eloise,506985542,1980-09-05,estansbury5i@cyberchimps.com,Tel Aviv,199,2025-04-23,Stansbury,N
Kary,505366709,2005-08-23,kmarlen5j@woothemes.com,Jerusalem,200,2020-03-07,Marlen,N
Cornie,509713371,1992-07-04,ccapineer5k@arizona.edu,Haifa,201,2022-12-21,Capineer,Y
Benni,502819562,2003-03-07,bharmson5l@mayoclinic.com,Jerusalem,202,2023-07-20,Harmson,N
Charleen,509575820,1980-01-28,cjosefovic5m@com.com,Beer Sheva,203,2024-10-22,Josefovic,N
Brannon,509333943,1984-02-07,bspieck5n@jiathis.com,Netanya,204,2024-05-14,Spieck,Y
Eustace,507752024,2005-02-01,ehonatsch5o@npr.org,Haifa,205,2020-07-12,Honatsch,Y
Felix,506951133,1981-06-11,fharford5p@aol.com,Tel Aviv,206,2021-12-23,Harford,N
Fons,504112351,1988-07-04,fmawdsley5q@telegraph.co.uk,Tel Aviv,207,2020-05-02,Mawdsley,Y
Vasilis,500754019,1981-10-19,vmcinally5r@liveinternet.ru,Haifa,208,2021-11-24,McInally,N
Kelly,507452911,2003-08-25,kmcnelly5s@addthis.com,Beer Sheva,209,2023-09-30,McNelly,Y
Lanie,505697887,1994-01-19,lsunman5t@vk.com,Netanya,210,2020-06-03,Sunman,Y
Ali,500141886,1997-06-26,apartlett5u@youtube.com,Tel Aviv,211,2024-03-26,Partlett,N
Frederico,501181717,2005-03-25,fgethouse5v@addthis.com,Jerusalem,212,2026-03-09,Gethouse,Y
Lanie,500130902,1993-05-27,lterris5w@oakley.com,Netanya,213,2024-10-23,Terris,Y
Susanna,509302323,1997-03-17,scrann5x@senate.gov,Netanya,214,2020-06-02,Crann,N
Maurine,504602667,1992-03-01,mpentelow5y@icq.com,Ashdod,215,2023-11-13,Pentelow,Y
Bail,500554547,1993-04-06,bmurdy5z@walmart.com,Jerusalem,216,2023-02-06,Murdy,N
Marj,501515639,1993-01-06,mgudgin60@hexun.com,Jerusalem,217,2022-05-21,Gudgin,N
Jamie,501892411,2004-02-23,jhounsom61@nsw.gov.au,Netanya,218,2025-03-11,Hounsom,N
Vernice,507517773,1995-01-10,vrappa62@is.gd,Netanya,219,2026-04-12,Rappa,Y
Carena,507943727,1992-02-09,cmartineau63@usa.gov,Netanya,220,2024-09-15,Martineau,N
Rhiamon,501746747,1981-10-08,rbasford64@clickbank.net,Beer Sheva,221,2021-02-05,Basford,Y
Deidre,500192049,1989-04-09,dcorris65@google.pl,Netanya,222,2020-12-21,Corris,Y
Nanny,500091055,2005-02-16,nisenor66@fda.gov,Haifa,223,2021-12-05,Isenor,Y
Ignazio,500403527,1996-08-18,iduckham67@edublogs.org,Tel Aviv,224,2024-04-02,Duckham,Y
Christalle,507190549,1980-04-14,cuff68@gravatar.com,Tel Aviv,225,2022-06-15,Uff,Y
Lenore,504438653,1989-03-22,lbirtwell69@jalbum.net,Jerusalem,226,2021-09-05,Birtwell,N
Pier,504805164,2005-11-21,poag6a@nature.com,Haifa,227,2023-11-25,Oag,Y
Suzie,503713108,2001-11-20,sdaenen6b@seesaa.net,Beer Sheva,228,2022-10-21,Daenen,Y
Myron,506185884,2003-05-09,mpirot6c@topsy.com,Haifa,229,2025-10-03,Pirot,Y
Gwenora,506323889,1999-03-23,ghalifax6d@apple.com,Ashdod,230,2020-02-29,Halifax,Y
Harley,504194133,1988-11-15,hbraiden6e@newyorker.com,Beer Sheva,231,2020-09-28,Braiden,Y
Wesley,509105005,1998-12-11,wminard6f@mac.com,Beer Sheva,232,2024-06-26,Minard,Y
Melesa,509669403,1987-12-25,mwildber6g@vistaprint.com,Ashdod,233,2021-11-06,Wildber,Y
Jaime,509323458,1994-08-28,jshekle6h@globo.com,Beer Sheva,234,2023-10-20,Shekle,N
Devy,504665227,1994-09-01,dmannie6i@barnesandnoble.com,Ashdod,235,2021-12-16,Mannie,Y
Daniela,507714500,1981-10-27,dscutter6j@yelp.com,Beer Sheva,236,2022-06-17,Scutter,Y
Isabella,509763198,2003-10-20,ibroe6k@apache.org,Netanya,237,2023-09-20,Broe,N
Giff,503532336,1989-05-28,gredmore6l@is.gd,Netanya,238,2022-09-08,Redmore,N
Leighton,503616060,1989-11-07,lmetzel6m@purevolume.com,Haifa,239,2022-12-20,Metzel,Y
Tiebold,501671828,1987-05-30,tburnall6n@squidoo.com,Jerusalem,240,2022-03-17,Burnall,N
Raynor,505947008,1988-08-01,roxlee6o@blog.com,Beer Sheva,241,2022-03-20,Oxlee,Y
Ashley,507735553,2003-03-21,apagden6p@diigo.com,Ashdod,242,2020-06-28,Pagden,Y
Trina,509959075,1984-04-12,tcassy6q@usa.gov,Netanya,243,2020-05-02,Cassy,Y
Culley,500354070,1994-06-30,cwadge6r@canalblog.com,Haifa,244,2020-11-06,Wadge,Y
Shanan,509482002,1990-07-10,shaisell6s@dyndns.org,Beer Sheva,245,2024-09-21,Haisell,N
Channa,509889833,2000-04-15,cmeaney6t@macromedia.com,Haifa,246,2020-07-20,Meaney,N
Novelia,506405483,1987-01-19,nswayne6u@scribd.com,Ashdod,247,2022-04-02,Swayne,N
Tim,509098424,1987-09-23,tvancassel6v@vkontakte.ru,Netanya,248,2024-11-19,Van Cassel,Y
Elwin,502660849,1996-03-15,ecamock6w@homestead.com,Haifa,249,2022-08-25,Camock,N
Cathleen,509346384,1995-08-29,cspilsburie6x@ow.ly,Ashdod,250,2023-10-27,Spilsburie,Y
Sandor,508730858,1992-06-16,sreaveley6y@phpbb.com,Haifa,251,2023-04-10,Reaveley,N
Worth,507599479,1984-09-06,wguyet6z@nationalgeographic.com,Netanya,252,2022-01-24,Guyet,Y
Clayborn,507451658,1991-03-25,cnichols70@meetup.com,Jerusalem,253,2023-03-11,Nichols,N
Carlos,506861044,1985-07-23,cmusgrave71@usda.gov,Ashdod,254,2024-06-03,Musgrave,N
Miner,509472943,1982-05-05,moyley72@cnet.com,Jerusalem,255,2022-07-21,Oyley,Y
Glad,506782475,1981-01-02,gzamorrano73@mayoclinic.com,Tel Aviv,256,2026-03-25,Zamorrano,N
Daisi,508091315,1990-07-27,dbaxstair74@dell.com,Jerusalem,257,2023-01-17,Baxstair,N
Maggie,508709859,1980-10-24,mshatford75@fda.gov,Beer Sheva,258,2022-03-28,Shatford,N
Lynde,505682639,2000-03-26,lkibble76@lycos.com,Netanya,259,2026-01-15,Kibble,N
Mela,501250266,1989-02-17,mkidwell77@ask.com,Beer Sheva,260,2020-11-26,Kidwell,N
Marvin,500412962,1987-02-23,mmillea78@blogs.com,Ashdod,261,2025-01-29,Millea,Y
Evangelin,502107290,1995-04-19,espatarul79@wisc.edu,Haifa,262,2025-03-12,Spatarul,Y
Bernie,508612840,1994-07-30,bborrie7a@paypal.com,Tel Aviv,263,2023-03-16,Borrie,N
Amerigo,500679824,2004-02-19,apolendine7b@lycos.com,Netanya,264,2020-01-22,Polendine,N
Eugenius,503976587,1993-08-11,emaryin7c@ocn.ne.jp,Netanya,265,2023-03-23,Maryin,Y
Ulrica,507306610,2003-05-17,usphinxe7d@techcrunch.com,Netanya,266,2024-07-07,Sphinxe,N
Nealson,500390650,1991-09-22,nfoster7e@zimbio.com,Ashdod,267,2020-08-09,Foster,Y
Darryl,503723678,1996-01-31,dconaghan7f@shareasale.com,Beer Sheva,268,2022-04-08,Conaghan,N
Orville,509401957,2002-11-19,odarlison7g@usda.gov,Ashdod,269,2023-03-08,Darlison,Y
Henri,505792132,1985-05-06,hscriven7h@bloglines.com,Netanya,270,2021-10-01,Scriven,Y
Benn,501318239,2004-07-07,bclemenzo7i@goo.ne.jp,Ashdod,271,2022-02-26,Clemenzo,N
Jonell,506827203,1984-05-16,jlapley7j@irs.gov,Jerusalem,272,2022-11-20,Lapley,N
Pablo,502352837,2002-02-15,pshurville7k@google.co.uk,Netanya,273,2023-12-16,Shurville,N
Scot,508488303,1980-05-17,scastaner7l@php.net,Netanya,274,2023-12-09,Castaner,Y
Nikolos,501702235,2000-04-15,ncoldham7m@lycos.com,Ashdod,275,2022-04-17,Coldham,N
Casi,505707552,1987-05-17,cleakner7n@google.fr,Netanya,276,2025-09-11,Leakner,N
Maribelle,507025405,1998-08-22,mrucklesse7o@pbs.org,Tel Aviv,277,2025-01-09,Rucklesse,Y
Gunilla,507024043,2002-05-02,gdemaine7p@elpais.com,Ashdod,278,2025-06-26,De Maine,N
Collie,501222436,2002-08-22,cdigiacomo7q@yelp.com,Tel Aviv,279,2022-11-24,Di Giacomo,N
Madeline,501154974,2001-12-12,mmorriss7r@edublogs.org,Netanya,280,2020-10-15,Morriss,N
Oswald,506523311,2005-05-31,olebond7s@wunderground.com,Tel Aviv,281,2025-03-05,Lebond,N
Gilberte,508033617,1996-01-10,gtorregiani7t@nydailynews.com,Jerusalem,282,2024-05-28,Torregiani,Y
Man,503361991,1980-02-19,msivorn7u@chicagotribune.com,Jerusalem,283,2020-04-10,Sivorn,Y
Georgy,500656644,2002-01-28,ggeldeford7v@cdbaby.com,Jerusalem,284,2020-02-16,Geldeford,N
Shelby,500840374,1984-12-27,sbroom7w@opera.com,Tel Aviv,285,2021-07-16,Broom,N
Jacob,505034094,1992-02-15,jlast7x@goo.ne.jp,Jerusalem,286,2024-01-05,Last,Y
Rosemary,504323151,1990-08-14,rkassidy7y@woothemes.com,Beer Sheva,287,2023-09-06,Kassidy,N
Dorolisa,500441648,1990-05-11,dcliss7z@nih.gov,Beer Sheva,288,2024-01-05,Cliss,Y
Bondon,507059800,1992-05-22,bmapham80@mac.com,Tel Aviv,289,2022-06-21,Mapham,Y
Joe,501265926,2001-07-07,jilott81@bloglovin.com,Beer Sheva,290,2022-03-25,Ilott,Y
Hanson,508697375,1980-03-17,hbirwhistle82@springer.com,Beer Sheva,291,2026-03-01,Birwhistle,N
Antony,503055495,1994-02-07,abrougham83@hostgator.com,Jerusalem,292,2021-07-21,Brougham,N
Stanford,509247811,2005-02-02,sgaven84@tumblr.com,Ashdod,293,2022-03-26,Gaven,Y
Margy,500177029,1983-07-20,maveline85@adobe.com,Jerusalem,294,2025-11-17,Aveline,N
Putnam,506378867,2003-09-06,psavoury86@naver.com,Haifa,295,2022-12-11,Savoury,Y
Bunny,506130360,2005-02-08,boffill87@altervista.org,Tel Aviv,296,2023-02-01,Offill,N
Harlie,506557719,2005-10-05,hkingsly88@eepurl.com,Jerusalem,297,2023-10-08,Kingsly,Y
Anthia,505681099,1997-05-10,awashtell89@geocities.jp,Ashdod,298,2022-05-17,Washtell,Y
Cele,509211695,1984-04-08,cscones8a@foxnews.com,Tel Aviv,299,2023-10-05,Scones,Y
Taber,501449690,1989-01-16,tthornewell8b@pcworld.com,Tel Aviv,300,2024-07-15,Thornewell,N
Boigie,509845899,1993-03-09,bvolker8c@mlb.com,Ashdod,301,2020-07-23,Volker,Y
Duky,509107435,1997-06-08,dgirth8d@goodreads.com,Beer Sheva,302,2025-10-29,Girth,N
Michael,500558362,1981-02-19,mrantoull8e@edublogs.org,Ashdod,303,2023-02-18,Rantoull,Y
Monica,503553585,1991-03-12,mgerb8f@pinterest.com,Haifa,304,2026-01-22,Gerb,N
Lyman,502210431,1998-07-11,lcostall8g@mashable.com,Tel Aviv,305,2020-10-20,Costall,N
Merle,503615210,2001-07-23,mtixier8h@facebook.com,Haifa,306,2021-07-02,Tixier,Y
Cedric,505546244,1990-12-07,cshipley8i@google.co.uk,Tel Aviv,307,2024-11-13,Shipley,Y
Roxie,509663290,1988-03-03,rtommaseo8j@google.co.jp,Haifa,308,2021-11-16,Tommaseo,Y
Kelcie,502792647,2003-12-22,kgoodbarne8k@cnbc.com,Tel Aviv,309,2024-06-30,Goodbarne,Y
Crin,507339842,1992-11-18,ckenvin8l@ustream.tv,Jerusalem,310,2022-07-16,Kenvin,Y
Ashton,508532857,1983-04-25,aramsell8m@sfgate.com,Tel Aviv,311,2021-10-15,Ramsell,Y
Heida,503391191,1997-10-10,hduckit8n@photobucket.com,Haifa,312,2024-11-01,Duckit,Y
Valentia,506042242,2004-02-08,vomrod8o@mayoclinic.com,Tel Aviv,313,2020-10-27,Omrod,Y
Cymbre,501900092,1986-04-11,ccocci8p@cisco.com,Tel Aviv,314,2024-10-23,Cocci,N
Abe,505296267,2001-03-28,abirtchnell8q@prlog.org,Ashdod,315,2025-08-11,Birtchnell,Y
Liesa,504687103,2005-02-27,lrussi8r@usda.gov,Ashdod,316,2024-07-28,Russi,Y
Toiboid,507735764,1987-01-13,tbembrick8s@intel.com,Jerusalem,317,2026-03-15,Bembrick,Y
Gerty,501525039,1981-12-23,gsimonnet8t@devhub.com,Tel Aviv,318,2021-08-24,Simonnet,Y
Pebrook,501114884,2002-11-26,phurich8u@so-net.ne.jp,Netanya,319,2021-08-24,Hurich,N
Elonore,502432442,1987-04-06,egroucock8v@dailymotion.com,Tel Aviv,320,2022-11-05,Groucock,Y
Glenda,503869643,1995-06-11,gsheard8w@etsy.com,Tel Aviv,321,2023-03-19,Sheard,N
Clementine,503232478,1998-04-18,cglyne8x@cam.ac.uk,Haifa,322,2021-05-27,Glyne,Y
Marcella,501298401,2004-12-04,mbellow8y@bloglovin.com,Netanya,323,2020-03-28,Bellow,N
Beaufort,501140686,1980-11-01,btrim8z@blog.com,Beer Sheva,324,2021-10-08,Trim,N
Carley,501602028,1994-09-07,ctine90@plala.or.jp,Tel Aviv,325,2023-09-22,Tine,Y
Francyne,505618420,1982-11-12,fgaskin91@foxnews.com,Tel Aviv,326,2022-07-16,Gaskin,N
Ken,509181392,1991-02-16,kroback92@sakura.ne.jp,Beer Sheva,327,2025-12-19,Roback,Y
Fannie,506599024,1982-05-02,fzorzutti93@topsy.com,Tel Aviv,328,2020-01-24,Zorzutti,N
Jaime,500000333,2005-07-14,jwenham94@psu.edu,Haifa,329,2021-09-27,Wenham,Y
Conroy,504104652,1994-07-11,cpurkis95@cbsnews.com,Beer Sheva,330,2022-03-07,Purkis,N
Aguie,503479202,2000-04-26,aoffner96@independent.co.uk,Tel Aviv,331,2022-02-23,Offner,Y
Fifi,504801360,1993-07-14,fnethercott97@sciencedirect.com,Tel Aviv,332,2023-10-25,Nethercott,N
Stephan,507704112,1981-12-23,ssindall98@whitehouse.gov,Tel Aviv,333,2020-01-25,Sindall,N
Jamil,504798117,1990-07-11,jgebuhr99@nationalgeographic.com,Jerusalem,334,2025-09-04,Gebuhr,Y
Celestia,502034487,1982-02-09,ckelsell9a@squidoo.com,Jerusalem,335,2021-05-16,Kelsell,Y
Veriee,500402965,1999-11-25,vwadley9b@usgs.gov,Haifa,336,2023-06-23,Wadley,Y
Madlin,509857727,1989-11-11,mvassall9c@nbcnews.com,Tel Aviv,337,2020-10-15,Vassall,Y
Feodor,503909802,1988-05-30,fcoysh9d@ifeng.com,Beer Sheva,338,2021-07-13,Coysh,Y
Melanie,502361921,1994-10-27,mvanarsdall9e@yahoo.com,Haifa,339,2022-02-03,Van Arsdall,N
Heindrick,507150211,1983-01-23,hudell9f@ucla.edu,Jerusalem,340,2022-09-27,Udell,N
Eugenio,503934874,2003-07-01,elaminman9g@cbc.ca,Ashdod,341,2020-02-11,Laminman,Y
Montgomery,508976995,1998-06-02,mbridgeman9h@tumblr.com,Tel Aviv,342,2023-05-31,Bridgeman,N
Oswell,506784754,1991-07-16,ojurek9i@networkadvertising.org,Netanya,343,2023-07-01,Jurek,N
Laraine,507725347,1983-07-19,lcoule9j@webnode.com,Ashdod,344,2020-09-30,Coule,Y
Leoine,507195541,1981-02-02,lhuggan9k@mlb.com,Jerusalem,345,2025-03-23,Huggan,N
Alden,500066965,1998-04-18,awallman9l@homestead.com,Beer Sheva,346,2025-01-25,Wallman,N
Jana,504680633,1988-10-19,jlintall9m@mysql.com,Beer Sheva,347,2023-12-25,Lintall,Y
Regen,503722306,1984-04-01,rsapauton9n@multiply.com,Jerusalem,348,2025-10-18,Sapauton,Y
Ozzy,503338772,1990-12-27,oebbles9o@paginegialle.it,Haifa,349,2022-10-23,Ebbles,N
Garnette,506740126,1990-05-24,gsor9p@pen.io,Tel Aviv,350,2025-12-20,Sor,N
Katherine,507482391,1985-04-13,kstonelake9q@goo.gl,Jerusalem,351,2026-01-25,Stonelake,N
Abigael,504089454,1995-05-02,agarrould9r@mozilla.com,Ashdod,352,2022-06-09,Garrould,N
Hamnet,504003821,2004-06-08,hpepperd9s@toplist.cz,Netanya,353,2025-04-12,Pepperd,N
Orin,500175565,1980-04-02,obuxy9t@nbcnews.com,Haifa,354,2025-09-09,Buxy,Y
Suzi,504294780,1990-01-15,sbote9u@latimes.com,Beer Sheva,355,2026-04-03,Bote,N
Thorn,504850827,1988-06-02,theathcoat9v@purevolume.com,Jerusalem,356,2020-06-23,Heathcoat,Y
Locke,508485134,1981-05-16,lpele9w@google.com.br,Jerusalem,357,2025-12-04,Pele,N
Adria,506817353,1991-04-09,agreenhouse9x@pcworld.com,Beer Sheva,358,2021-02-12,Greenhouse,Y
Waverley,504400565,1996-03-19,wwestrip9y@stumbleupon.com,Netanya,359,2025-12-25,Westrip,Y
Donielle,507768057,1993-07-16,domolan9z@squarespace.com,Jerusalem,360,2026-01-30,O' Molan,Y
Sissy,500463819,1997-06-29,ssymmonsa0@fotki.com,Tel Aviv,361,2024-08-04,Symmons,Y
Maurice,504800558,1991-11-14,mdadleya1@nymag.com,Beer Sheva,362,2022-10-25,Dadley,Y
Gerta,503488237,1990-08-02,grubanenkoa2@cafepress.com,Beer Sheva,363,2021-05-16,Rubanenko,N
Elroy,502882932,1992-07-28,evansona3@ucla.edu,Jerusalem,364,2024-01-12,Van Son,Y
Neddie,504462217,1991-06-24,ngarrolda4@yellowbook.com,Beer Sheva,365,2023-07-30,Garrold,Y
Rayshell,503101252,1986-12-16,rmedwella5@baidu.com,Haifa,366,2023-12-20,Medwell,Y
Dewain,509694417,1982-08-29,dlarwaya6@hubpages.com,Beer Sheva,367,2023-08-20,Larway,N
Bird,501355677,1991-09-06,babbatta7@sourceforge.net,Haifa,368,2025-02-10,Abbatt,N
Joaquin,506961362,1987-10-02,jrobertsena8@wordpress.org,Tel Aviv,369,2025-03-19,Robertsen,Y
Stoddard,504163596,1989-05-03,shealingsa9@jimdo.com,Netanya,370,2026-02-23,Healings,Y
Maris,507106252,1986-01-22,mflorenceaa@surveymonkey.com,Netanya,371,2025-04-16,Florence,N
Pegeen,506895764,1981-05-23,pheimesab@themeforest.net,Netanya,372,2022-03-09,Heimes,Y
Rachel,505208175,2005-03-21,rsrawleyac@biblegateway.com,Jerusalem,373,2021-12-09,Srawley,N
Gabriel,504033119,2005-06-04,ggaraghanad@tiny.cc,Netanya,374,2025-02-12,Garaghan,N
Emile,505007168,1989-03-13,edouberdayae@wix.com,Tel Aviv,375,2024-03-01,Douberday,Y
Sybille,500436302,2001-11-08,sbowateraf@t-online.de,Haifa,376,2024-12-04,Bowater,N
Claire,509459505,1986-07-17,ccaponag@mozilla.org,Netanya,377,2021-10-08,Capon,Y
Lorne,504560193,1991-04-16,leliezah@friendfeed.com,Tel Aviv,378,2020-05-29,Eliez,N
Trudy,509681561,1988-04-05,tbleiai@usa.gov,Tel Aviv,379,2021-09-18,Blei,N
Skelly,509047878,2000-04-10,sbennoeaj@trellian.com,Tel Aviv,380,2024-12-07,Bennoe,Y
Kakalina,506420211,1992-01-10,kvernauak@so-net.ne.jp,Jerusalem,381,2024-06-12,Vernau,N
Marcel,508201982,1982-08-13,mwilgaral@posterous.com,Ashdod,382,2024-12-02,Wilgar,Y
Axel,500947505,1990-08-22,abericam@cocolog-nifty.com,Beer Sheva,383,2022-12-24,Beric,N
Isabel,500665022,1987-12-27,iivanikovan@tmall.com,Beer Sheva,384,2023-02-21,Ivanikov,N
Sibley,503482710,1996-05-22,sfrancioliao@icq.com,Jerusalem,385,2021-12-14,Francioli,Y
Christina,508025294,2002-02-12,cduetschensap@google.fr,Ashdod,386,2022-01-19,Duetschens,Y
Pennie,507091180,1997-10-17,pkelleaq@zdnet.com,Beer Sheva,387,2024-06-30,Kelle,N
Fitzgerald,504951980,1994-09-05,ftappar@java.com,Netanya,388,2025-05-04,Tapp,Y
Noe,505641172,1981-05-12,ncumingas@xinhuanet.com,Jerusalem,389,2022-02-08,Cuming,Y
Wiatt,506527767,1981-08-20,wsmythat@go.com,Jerusalem,390,2020-07-26,Smyth,Y
Nataline,500543613,2001-04-25,nstilesau@hp.com,Haifa,391,2024-11-05,Stiles,N
Myca,503503874,1995-07-25,mkaliszav@google.de,Ashdod,392,2025-09-06,Kalisz,N
Abdel,503559934,1993-01-23,ateapeaw@people.com.cn,Netanya,393,2020-11-27,Teape,N
Miquela,502102332,1990-08-30,mstuehmeyerax@i2i.jp,Jerusalem,394,2023-10-05,Stuehmeyer,Y
Trix,504714027,1984-05-24,tchesworthay@sakura.ne.jp,Ashdod,395,2025-03-13,Chesworth,N
Rodge,508919797,1984-10-22,rtunnowaz@earthlink.net,Tel Aviv,396,2025-01-19,Tunnow,N
Bevan,506985145,1981-09-04,bwillanb0@bloglovin.com,Haifa,397,2024-08-16,Willan,Y
Garvy,504710708,2002-01-16,gfranceyb1@usgs.gov,Haifa,398,2022-07-30,Francey,Y
Terra,504073946,2001-11-02,tstrobanb2@newsvine.com,Netanya,399,2023-03-30,Stroban,Y
Welby,507844662,1993-10-14,wdorseyb3@nhs.uk,Jerusalem,400,2021-05-25,Dorsey,N
Sinclair,506758721,1996-10-27,shearseyb4@mapquest.com,Netanya,401,2023-09-03,Hearsey,Y
Aline,502648200,1983-10-27,acarrelb5@scientificamerican.com,Haifa,402,2021-02-23,Carrel,Y
Milzie,509191506,1995-07-19,msummersideb6@simplemachines.org,Netanya,403,2025-07-10,Summerside,Y
Guillaume,509472070,1997-12-05,gcurreenb7@loc.gov,Beer Sheva,404,2020-03-16,Curreen,Y
Lowrance,502930995,1998-09-27,lrutiglianob8@dedecms.com,Jerusalem,405,2024-12-13,Rutigliano,Y
Almeria,509337419,1986-08-21,afitchellb9@reference.com,Ashdod,406,2025-02-05,Fitchell,Y
Yvonne,501604320,1998-01-22,yblackdenba@aol.com,Netanya,407,2023-07-21,Blackden,Y
Jenna,508469256,1985-09-15,jlitterickbb@vimeo.com,Beer Sheva,408,2025-06-12,Litterick,N
Jarrett,509439167,2002-04-20,jolahybc@blogs.com,Haifa,409,2024-10-07,O'Lahy,N
Rancell,505794492,1997-02-21,rsibleybd@baidu.com,Ashdod,410,2023-11-12,Sibley,Y
Abbey,504951996,2000-11-13,amccaheybe@ft.com,Haifa,411,2021-03-28,McCahey,Y
Jedidiah,509461519,1992-03-18,jsaenzbf@ehow.com,Tel Aviv,412,2022-01-05,Saenz,Y
Kesley,501441355,1993-10-31,ktoughbg@irs.gov,Netanya,413,2025-03-14,Tough,N
Petunia,501619735,1994-12-20,psimmansbh@sohu.com,Jerusalem,414,2021-03-14,Simmans,Y
Wendall,509427302,2000-11-22,wkettlebi@webs.com,Jerusalem,415,2023-04-10,Kettle,N
Winnifred,504823134,1986-12-17,wmeakerbj@dailymotion.com,Jerusalem,416,2025-02-21,Meaker,N
Coriss,509572155,1986-12-09,cdeathbk@buzzfeed.com,Netanya,417,2021-10-08,Death,N
Darda,502237404,2002-11-29,djosephsenbl@phoca.cz,Haifa,418,2022-10-20,Josephsen,N
Caria,505379007,2002-05-28,cranklinbm@goodreads.com,Haifa,419,2021-03-08,Ranklin,Y
Petronia,507179602,1987-03-27,phellikerbn@ifeng.com,Ashdod,420,2024-06-13,Helliker,Y
Delmer,504669023,1982-06-26,dabbsbo@amazon.com,Haifa,421,2024-12-13,Abbs,N
Trudi,507992766,1983-04-11,tandersbp@cnbc.com,Haifa,422,2021-04-27,Anders,N
Rem,503242250,1999-06-20,rdowntonbq@feedburner.com,Ashdod,423,2025-09-04,Downton,N
Brett,504360051,1997-01-15,balexsandrowiczbr@chron.com,Netanya,424,2023-05-19,Alexsandrowicz,Y
Wendell,500901155,1989-06-06,wverrillsbs@ucoz.ru,Tel Aviv,425,2020-08-19,Verrills,N
Jania,503553868,1996-02-05,jsainesbt@jiathis.com,Ashdod,426,2023-04-28,Saines,Y
Rodrick,504430131,1986-05-14,rcrawforthbu@chronoengine.com,Netanya,427,2020-02-01,Crawforth,Y
Essa,501134723,1980-09-25,ebetonbv@ca.gov,Jerusalem,428,2020-08-24,Beton,Y
Lusa,505704905,1990-03-23,lsharperbw@technorati.com,Ashdod,429,2022-10-09,Sharper,Y
Christophe,508150604,1986-08-12,clinebargerbx@sohu.com,Haifa,430,2026-04-07,Linebarger,Y
Dal,509479148,1993-05-24,dferrieresby@engadget.com,Haifa,431,2020-05-10,Ferrieres,Y
Leland,500042634,1986-12-29,ldenfordbz@themeforest.net,Haifa,432,2026-01-08,Denford,N
Gwennie,509222040,2004-07-15,gmonksc0@biglobe.ne.jp,Beer Sheva,433,2023-02-22,Monks,N
Milicent,503695350,1991-04-24,mchominskic1@naver.com,Haifa,434,2023-11-24,Chominski,N
Wyn,508391234,1999-02-06,wcoppc2@sphinn.com,Ashdod,435,2025-05-01,Copp,Y
Chrissy,506053953,1991-01-11,cmurrockc3@bbb.org,Jerusalem,436,2021-04-01,Murrock,Y
Gay,504789950,1994-07-27,gbushellc4@booking.com,Beer Sheva,437,2024-06-11,Bushell,Y
Hestia,501355280,2002-07-08,hbraybrookc5@businessweek.com,Netanya,438,2022-11-23,Braybrook,N
Shelly,502442985,1981-11-15,sbergerc6@theglobeandmail.com,Ashdod,439,2022-04-09,Berger,Y
Homerus,500736819,2000-01-31,hhastwellc7@meetup.com,Jerusalem,440,2020-02-01,Hastwell,Y
Joete,502330324,1995-06-25,jsutherlandc8@noaa.gov,Tel Aviv,441,2026-01-12,Sutherland,Y
June,502605700,1993-06-14,jhayenc9@dailymotion.com,Ashdod,442,2020-07-02,Hayen,N
Emerson,500026348,2001-09-14,emcanalleyca@forbes.com,Ashdod,443,2021-07-03,McAnalley,Y
Maury,503910574,1993-04-03,mreadwincb@smugmug.com,Jerusalem,444,2023-07-04,Readwin,N
Kalle,505440168,1998-05-22,kkittowcc@examiner.com,Ashdod,445,2023-06-25,Kittow,Y
Lois,500377651,1999-07-31,lstruttmancd@berkeley.edu,Tel Aviv,446,2023-07-17,Struttman,Y
Etta,504880273,1986-05-02,elonderce@technorati.com,Tel Aviv,447,2021-05-21,Londer,Y
Maurise,501214227,1988-02-02,mbabingtoncf@marketwatch.com,Jerusalem,448,2023-07-08,Babington,N
Benny,504579847,1982-04-15,bcoughlincg@usatoday.com,Jerusalem,449,2025-03-27,Coughlin,Y
Abey,500867376,1996-03-25,awinterburnch@netlog.com,Beer Sheva,450,2024-07-16,Winterburn,N
Stefanie,507517810,1999-10-21,srowesci@aol.com,Jerusalem,451,2020-06-14,Rowes,N
Gayel,505707322,2005-07-27,gtafanicj@addthis.com,Ashdod,452,2023-12-12,Tafani,Y
Nancee,501118278,1999-11-30,nmeaseyck@prnewswire.com,Jerusalem,453,2023-11-16,Measey,N
Doris,504483296,2000-11-18,dchasmorcl@nymag.com,Ashdod,454,2022-07-04,Chasmor,N
Rolfe,508620917,2001-05-13,rfairniecm@parallels.com,Haifa,455,2024-10-09,Fairnie,N
Emeline,506622503,2001-04-20,enoencn@squarespace.com,Beer Sheva,456,2020-01-08,Noen,Y
Dewey,509001054,2003-04-01,dinglisco@yellowbook.com,Tel Aviv,457,2023-12-11,Inglis,N
Em,502228651,1982-03-19,elisimorecp@timesonline.co.uk,Beer Sheva,458,2023-08-31,Lisimore,Y
Marje,509843557,1994-06-19,mbeckmanncq@drupal.org,Beer Sheva,459,2023-06-27,Beckmann,Y
Halie,506236817,2004-12-09,hgrimacr@mlb.com,Ashdod,460,2024-01-23,Grima,N
Rani,503747824,1990-08-31,rluthwoodcs@dion.ne.jp,Beer Sheva,461,2022-02-27,Luthwood,Y
Corabella,505828129,1984-09-13,caltyct@goodreads.com,Haifa,462,2020-05-09,Alty,N
Stu,500880925,1993-03-01,smullendercu@yellowbook.com,Netanya,463,2024-09-07,Mullender,N
Ammamaria,500994235,2000-02-08,adaverscv@nature.com,Haifa,464,2025-11-30,Davers,N
Krystyna,508114203,1981-01-06,khadleycw@nps.gov,Netanya,465,2024-11-07,Hadley,Y
Tremaine,504728801,1980-03-09,ttomblesoncx@miitbeian.gov.cn,Beer Sheva,466,2023-02-24,Tombleson,Y
Ezra,503043194,1997-12-05,edeacockcy@bbc.co.uk,Haifa,467,2025-08-12,Deacock,Y
Georgeanna,500215948,1987-02-10,ghulburdcz@homestead.com,Jerusalem,468,2021-05-12,Hulburd,Y
Kory,506818069,1980-12-26,kallflattd0@slideshare.net,Ashdod,469,2023-09-15,Allflatt,Y
Reinhold,506106635,1983-05-14,riaduccellid1@fema.gov,Jerusalem,470,2021-11-15,Iaduccelli,Y
Vasilis,501542844,1987-01-16,vannelld2@histats.com,Jerusalem,471,2025-05-14,Annell,N
Terrence,504270005,2005-03-31,tweadickd3@moonfruit.com,Ashdod,472,2021-05-14,Weadick,Y
Lacey,507734703,1997-05-04,lbernetd4@fc2.com,Tel Aviv,473,2020-03-02,Bernet,Y
Christina,503462517,1996-10-16,cchampneysd5@clickbank.net,Jerusalem,474,2021-03-20,Champneys,Y
Jacklin,506464100,2002-06-28,jwoodwingd6@epa.gov,Beer Sheva,475,2022-12-07,Woodwing,N
Shea,508027229,1992-03-20,sbylesd7@fc2.com,Beer Sheva,476,2025-09-10,Byles,Y
Millisent,505853281,1984-09-05,mteresid8@webnode.com,Jerusalem,477,2022-12-30,Teresi,N
Sol,502360355,1993-10-13,sminchelld9@jalbum.net,Haifa,478,2024-06-18,Minchell,Y
Aland,501112897,1986-04-05,awhifeda@blogspot.com,Tel Aviv,479,2022-11-20,Whife,Y
Tonye,508767163,1995-06-02,tstellinodb@unicef.org,Jerusalem,480,2023-01-30,Stellino,N
Rosaleen,508035287,1998-06-19,rgonsalodc@eventbrite.com,Beer Sheva,481,2023-11-17,Gonsalo,N
Madelaine,505668737,1980-02-06,mistondd@mapquest.com,Tel Aviv,482,2025-11-11,Iston,Y
Allin,501674759,1982-10-18,ahanwellde@infoseek.co.jp,Jerusalem,483,2026-03-28,Hanwell,N
Lurline,505849837,1986-10-12,lcasodf@bbb.org,Jerusalem,484,2023-02-19,Caso,Y
Maddy,504657172,1981-09-25,mbrandenbergdg@java.com,Beer Sheva,485,2024-02-20,Brandenberg,Y
Rayna,509044063,2001-02-01,repiscopiodh@diigo.com,Haifa,486,2021-09-30,Episcopio,N
Torrey,501482191,1993-03-18,tkenwyndi@mediafire.com,Haifa,487,2023-01-07,Kenwyn,N
Yehudit,507545435,1997-04-09,ybowlasdj@about.me,Jerusalem,488,2020-01-27,Bowlas,Y
Darrin,508889804,1986-10-27,druggierdk@fastcompany.com,Netanya,489,2024-01-01,Ruggier,N
Dennie,505320831,1989-07-06,dyetmandl@vinaora.com,Jerusalem,490,2026-03-18,Yetman,N
Trudie,507489227,1981-07-10,tdittsondm@digg.com,Beer Sheva,491,2024-01-03,Dittson,N
Rory,509428635,1992-09-16,rleathamdn@unblog.fr,Jerusalem,492,2020-02-29,Leatham,Y
Alano,507072921,1998-08-20,amattheisdo@trellian.com,Tel Aviv,493,2025-07-15,Mattheis,N
Agnola,507085273,1989-12-08,achoppendp@privacy.gov.au,Jerusalem,494,2024-02-18,Choppen,N
Sam,506435653,1990-10-12,sdallyndq@ameblo.jp,Jerusalem,495,2022-08-21,Dallyn,Y
Dwight,509643208,1989-12-13,dkemelldr@mozilla.com,Tel Aviv,496,2025-03-24,Kemell,N
Grove,503618329,1999-05-20,galimands@ezinearticles.com,Beer Sheva,497,2025-04-28,Aliman,N
Becki,503503398,1980-03-01,bdevillierdt@columbia.edu,Tel Aviv,498,2024-01-13,de Villier,Y
Langston,509453011,1993-07-20,labdondu@dedecms.com,Tel Aviv,499,2024-11-14,Abdon,N
Quinn,506253490,1984-01-27,qhinrichsendv@mapy.cz,Jerusalem,500,2025-12-04,Hinrichsen,N
